ID,SORTIMENT,TYPERING,JAAR_VAN_AANPLANT,STRAATNAAM,WOONPLAATS,RD_XCOORD,RD_YCOORD,longitude,latitude
1045611,Aesculus hippocastanum,Monumentale Boom Landel. Lijst,1915,Aalsmeerderdijk,Rijsenhout,"109474,844","474861,349",4.72039750298581,52.2598967383805
1045612,,Monumentale Boom Landel. Lijst,1915,Aalsmeerderdijk,Rijsenhout,"109507,999","474858,159",4.72088351673659,52.2598708022886
980006,Aesculus hippocastanum,Monumentale Boom,1900,Kromme Spieringweg,Vijfhuizen,"108672,036","487122,383",4.70695724419608,52.3700202486053
842550,Tilia x europaea,Waardevolle Boom,1981,Fortweg,Hoofddorp,"107356,358","479887,687",4.68866223041404,52.3048899932546
1103537,Carpinus betulus,Monumentale Boom,1950,Rijstvogelstraat,Badhoevedorp,"114413,426","483293,637",4.79171593267345,52.3360646857361
1011476,Quercus robur,Monumentale Boom,1955,Plantsoenlaan,Zwanenburg,"111126,692","488063,145",4.74287467199613,52.3786761037095
657101,Populus canadensis,Monumentale Boom,1984,Bosschollenpad,Hoofddorp,"105224,26","481413,98",4.65717932213146,52.318418287987
850484,Tilia platyphyllos,Monumentale Boom,1945,Kruislaan,Hoofddorp,"107465,613","479890,518",4.69026358995772,52.3049248699753
850483,Tilia platyphyllos,Monumentale Boom,1945,Kruislaan,Hoofddorp,"107468,141","479878,676",4.69030231847108,52.3048186636032
850481,Tilia platyphyllos,Monumentale Boom,1945,Kruislaan,Hoofddorp,"107475,913","479871,671",4.6904172469099,52.3047563797216
788206,Tilia x europaea 'Pallida',Gedenkboom,2000,Anne Franklaan,Hoofddorp,"106088,185","479391,908",4.6701417131749,52.3003233328204
850477,Tilia platyphyllos,Monumentale Boom,1945,Kruislaan,Hoofddorp,107495,"479864,063",4.69069814525034,52.3046896520116
847830,Tilia platyphyllos,Monumentale Boom,1945,Fortweg,Hoofddorp,"107476,556","480037,16",4.69040339290226,52.3062436896549
847826,Tilia platyphyllos,Monumentale Boom,1945,Fortweg,Hoofddorp,"107484,97","480046,536",4.69052543320283,52.3063286775597
639607,Tilia x europaea,Monumentale Boom,1920,IJweg,Hoofddorp,"105578,06","480728,002",4.66246823724934,52.3122852808365
847831,Tilia platyphyllos,Monumentale Boom,1945,Fortweg,Hoofddorp,"107470,731","480030,575",4.690318918079,52.3061840077179
881464,Tilia platyphyllos,Monumentale Boom,1963,Hoofdweg,Hoofddorp,"107747,262","480067,614",4.69436800323506,52.3065406591857
1164154,Ulmus,Monumentale Boom,1971,Egelantierstraat,Badhoevedorp,"114798,456","483025,043",4.79739682632389,52.333679053479
933597,Quercus robur,Monumentale Boom,1950,Wieger Bruinlaan,Hoofddorp,"108174,746","480185,853",4.70061908197482,52.30763976766
890954,Platanus x hispanica,Waardevolle Boom,1969,Parklaan,Hoofddorp,"108017,31","479793,099",4.69836543465553,52.3040966710198
889042,Platanus x hispanica,Waardevolle Boom,1969,Parklaan,Hoofddorp,"107998,657","479809,729",4.6980896589338,52.3042445350602
878893,Platanus x hispanica,Waardevolle Boom,1969,Parklaan,Hoofddorp,"107956,14","479848,638",4.69746091880365,52.3045905841896
932659,Salix x sepulcralis 'Chysocoma',Monumentale Boom,1935,Wandelbos Hoofddorp,Hoofddorp,"108341,417","479246,881",4.70319243384614,52.299215313724
843090,Fagus sylvatica,Monumentale Boom,1895,Hoofdweg,Hoofddorp,"107553,958","479907,575",4.691556397727,52.3050857747699
1095139,Tilia cordata,Monumentale Boom,1955,Generaal Snijdersplnts,Badhoevedorp,"114302,034","483402,871",4.79006849956878,52.3370381623793
845962,Tilia x europaea,Monumentale Boom,1963,Hoofdweg,Hoofddorp,"107481,781","479810,716",4.69051184950808,52.3042090811973
847798,Tilia platyphyllos,Monumentale Boom,1945,Fortweg,Hoofddorp,"107422,142","479977,143",4.68961407283079,52.3056996200772
847833,Tilia platyphyllos,Monumentale Boom,1945,Fortweg,Hoofddorp,"107464,116","480022,973",4.69022300429787,52.306115117769
850486,Tilia platyphyllos,Monumentale Boom,1945,Kruislaan,Hoofddorp,"107502,51","479857,46",4.69080917519553,52.3046309579488
839872,Tilia platyphyllos,Monumentale Boom,1945,Fortweg,Hoofddorp,"107407,16","479949,514",4.68939831433709,52.3054500238308
1095140,Tilia cordata,Waardevolle Boom,1965,Generaal Snijdersplnts,Badhoevedorp,"114298,043","483380,721",4.79001261880454,52.336838803037
1099489,Tilia cordata,Monumentale Boom,1955,Generaal Snijdersplnts,Badhoevedorp,"114328,166","483341,635",4.79045928197979,52.3364897593903
351983,Tilia tomentosa,Gedenkboom,1992,Rietkraag,Beinsdorp,"101030,655","477930,34",4.59623672889943,52.286716378171
1022240,Salix x sepulcralis 'Chysocoma',Monumentale Boom,1958,Lijsterbeslaan,Zwanenburg,"111614,069","487485,91",4.75010631364002,52.3735271880548
846291,Salix x sepulcralis 'Chysocoma',Monumentale Boom,1935,Hoofdweg,Hoofddorp,"107591,482","479929,333",4.69210347605783,52.3052845439273
876979,Salix alba,Monumentale Boom,1950,Graan voor Visch,Hoofddorp,"107041,098","479185,605",4.6841399466284,52.2985530179095
934169,Salix x sepulcralis 'Chysocoma',Monumentale Boom,1935,Wandelbos Hoofddorp,Hoofddorp,"108320,694","479267,258",4.70288584277418,52.299396688474
847799,Tilia platyphyllos,Monumentale Boom,1945,Fortweg,Hoofddorp,"107430,585","479975,573",4.68973807668507,52.305686239299
843089,Quercus rubra,Monumentale Boom,1935,Hoofdweg,Hoofddorp,"107568,35","479908,321",4.6917672911768,52.3050937179684
1179623,Quercus robur,Monumentale Boom,1965,Jan van Gentstraat,Badhoevedorp,"114583,464","483253,603",4.79421540613375,52.3357174077065
863013,Salix alba 'Tristis',Monumentale Boom,1960,Graan voor Visch,Hoofddorp,"107388,695","478830,019",4.68928533957284,52.2953874838974
847795,Tilia platyphyllos,Monumentale Boom,1945,Fortweg,Hoofddorp,"107429,489","479985,266",4.68972064327299,52.3057732559516
843092,Tilia platyphyllos,Monumentale Boom,1935,Hoofdweg,Hoofddorp,"107561,222","479900,596",4.69166387378352,52.3050236796089
850472,Tilia x europaea,Monumentale Boom,1963,Hoofdweg,Hoofddorp,"107521,478","479853,104",4.69108787051301,52.3045934448828
850478,Tilia platyphyllos,Monumentale Boom,1945,Kruislaan,Hoofddorp,"107488,098","479870,268",4.69059608468248,52.304744821548
839868,Tilia platyphyllos,Monumentale Boom,1945,Kruislaan,Hoofddorp,"107426,077","479916,175",4.68968034983087,52.3051520386482
839867,Tilia platyphyllos,Monumentale Boom,1945,Kruislaan,Hoofddorp,"107431,579","479920,718",4.68976037393037,52.3051933416576
842555,Tilia platyphyllos,Monumentale Boom,1945,Kruislaan,Hoofddorp,"107434,977","479908,349",4.68981193296995,52.305082474385
845971,Tilia x europaea,Monumentale Boom,1963,Hoofdweg,Hoofddorp,"107475,178","479803,206",4.69041610264967,52.3041410192194
847793,Tilia platyphyllos,Monumentale Boom,1945,Fortweg,Hoofddorp,"107447,623","479994,171",4.68998525265954,52.3058548504837
847792,Tilia platyphyllos,Monumentale Boom,1945,Fortweg,Hoofddorp,"107437,659","479994,206",4.6898391650748,52.3058543051618
846290,Platanus x hispanica,Monumentale Boom,1925,Hoofdweg,Hoofddorp,"107570,358","479930,38",4.69179363299497,52.3052921357292
847797,Tilia platyphyllos,Monumentale Boom,1945,Fortweg,Hoofddorp,"107438,923","479984,433",4.68985907260207,52.30576658403
847802,Tilia platyphyllos,Monumentale Boom,1945,Fortweg,Hoofddorp,"107407,976","479961,46",4.6894085946652,52.3055574533334
916641,Platanus x hispanica,Waardevolle Boom,1969,Parklaan,Hoofddorp,"107871,602","479925,338",4.69621083700859,52.3052726672097
887749,Pterocarya fraxinifolia,Monumentale Boom Landel. Lijst,1935,Marktplein,Hoofddorp,"107774,356","479824,896",4.6947991674648,52.3043616663136
845960,Tilia x europaea,Monumentale Boom,1963,Hoofdweg,Hoofddorp,"107494,434","479823,826",4.69069550539751,52.3043279920192
847801,Tilia platyphyllos,Monumentale Boom,1945,Fortweg,Hoofddorp,"107422,845","479967,043",4.68962580198353,52.30560891179
842544,Tilia platyphyllos,Monumentale Boom,1945,Fortweg,Hoofddorp,"107380,123","479930,873",4.68900455500574,52.3052801610542
845281,Tilia platyphyllos,Monumentale Boom,1945,Fortweg,Hoofddorp,"107387,434","479927,936",4.68911215445572,52.3052543978442
839869,Tilia platyphyllos,Monumentale Boom,1945,Kruislaan,Hoofddorp,"107421,409","479929,864",4.68960998519378,52.3052746590952
847832,Tilia platyphyllos,Monumentale Boom,1945,Fortweg,Hoofddorp,"107474,492","480023,639",4.69037503450818,52.306121998057
1181230,Fraxinus excelsior,Monumentale Boom,1950,Rijstvogelstraat,Badhoevedorp,"114450,382","483349,643",4.7922513960226,52.3365707435045
1100898,Tilia platyphyllos,Waardevolle Boom,1980,Burg. Amersfoordtlaan,Badhoevedorp,"113794,708","483478,815",4.78261596702131,52.3376829401139
878892,Platanus x hispanica,Waardevolle Boom,1969,Parklaan,Hoofddorp,"107963,97","479841,444",4.697576713306,52.3045265997444
1042320,Aesculus hippocastanum,Monumentale Boom,1935,Lindenlaan,Zwanenburg,"111375,229","488236,103",4.74650206414645,52.3802502408665
845284,Tilia platyphyllos,Monumentale Boom,1945,Kruislaan,Hoofddorp,"107444,553","479899,93",4.68995350985445,52.305007638999
884133,Platanus x hispanica,Waardevolle Boom,1969,Parklaan,Hoofddorp,"107747,176","480027,571",4.69437234376668,52.3061807840318
1112140,Tilia platyphyllos,Gedenkboom,1980,Burg. Amersfoordtlaan,Badhoevedorp,"113858,957","483513,771",4.78355434764775,52.3380018979919
871700,Ulmus hollandica,Monumentale Boom,1972,Graan voor Visch,Hoofddorp,"107028,653","479125,425",4.683966062619,52.2980110951747
1044772,Aesculus hippocastanum,Waardevolle Boom,1985,Lindenlaan,Zwanenburg,"111384,272","488235,812",4.74663490481102,52.38024834304
883341,Platanus x hispanica,Waardevolle Boom,1969,Parklaan,Hoofddorp,"107833,31","479959,814",4.69564462938351,52.3055792283248
884952,Platanus x hispanica,Waardevolle Boom,1969,Parklaan,Hoofddorp,"107848,249","479946,346",4.69586552946899,52.3054594693039
917880,Platanus x hispanica,Waardevolle Boom,1969,Parklaan,Hoofddorp,"107862,368","479933,577",4.69607430889993,52.3053459216674
916645,Platanus x hispanica,Waardevolle Boom,1969,Parklaan,Hoofddorp,"107879,82","479918,039",4.69633233813393,52.3052077735391
882701,Platanus x hispanica,Waardevolle Boom,1969,Parklaan,Hoofddorp,"107816,522","479974,827",4.69539640410907,52.305712713593
885419,Tilia platyphyllos,Monumentale Boom,1935,Hoofdweg,Hoofddorp,"107682,253","479995,924",4.69342493625159,52.3058908010273
838359,Tilia x europaea,Waardevolle Boom,1945,Kruisweg,Hoofddorp,"107480,447","480122,11",4.69044848913415,52.3070074731151
917261,Platanus x hispanica,Waardevolle Boom,1969,Parklaan,Hoofddorp,"107948,03","479855,943",4.69734100352147,52.3046555421759
847791,Tilia platyphyllos,Monumentale Boom,1945,Fortweg,Hoofddorp,"107445,999","480003,303",4.68996015758878,52.3059367798856
847834,Tilia platyphyllos,Monumentale Boom,1945,Fortweg,Hoofddorp,"107466,565","480014,605",4.69026008689489,52.3060401255643
921012,Tilia vulgaris 'Pallida',Waardevolle Boom,1960,Raadhuisplein,Hoofddorp,"107865,457","479565,763",4.69617091215377,52.3020406259565
921010,Tilia vulgaris 'Pallida',Waardevolle Boom,1960,Raadhuisplein,Hoofddorp,"107868,242","479567,097",4.69621155362697,52.3020528528454
1103541,Tilia cordata,Monumentale Boom,1960,Generaal Snijdersplnts,Badhoevedorp,"114314,644","483315,413",4.79026405917154,52.3362531004516
917881,Platanus x hispanica,Waardevolle Boom,1969,Parklaan,Hoofddorp,"107853,462","479931,344",4.69594405062804,52.3053250917641
842545,Tilia platyphyllos,Monumentale Boom,1945,Fortweg,Hoofddorp,"107378,913","479918,518",4.68898855700537,52.3051690217706
883335,Platanus x hispanica,Waardevolle Boom,1969,Parklaan,Hoofddorp,"107750,878","480034,039",4.69442571470048,52.3062392295861
883337,Platanus x hispanica,Waardevolle Boom,1969,Parklaan,Hoofddorp,"107755,825","480019,693",4.69450024997512,52.3061107257266
916646,Platanus x hispanica,Waardevolle Boom,1969,Parklaan,Hoofddorp,"107869,376","479916,86",4.69617938472094,52.3051962847274
853777,Fraxinus excelsior,Waardevolle Boom,1950,Hoofdweg,Hoofddorp,"106912,992","479195,872",4.68226062802123,52.2986341267514
1044064,Salix x sepulcralis 'Chysocoma',Monumentale Boom,1958,Iepenlaan,Zwanenburg,"111397,389","487652,358",4.74690313543924,52.3750059118919
471525,Aesculus hippocastanum,Monumentale Boom,1915,Nieuwstraat,Nieuw-Vennep,"103510,953","475687,333",4.63292582442775,52.2667956483706
471526,Aesculus hippocastanum,Monumentale Boom,1915,Nieuwstraat,Nieuw-Vennep,"103516,531","475682,487",4.63300826828974,52.2667526177769
883342,Platanus x hispanica,Waardevolle Boom,1969,Parklaan,Hoofddorp,"107823,976","479958,219",4.69550800664347,52.3055640950403
883344,Platanus x hispanica,Waardevolle Boom,1969,Parklaan,Hoofddorp,"107831,394","479951,562",4.69561769118998,52.3055049033033
881469,Tilia platyphyllos,Waardevolle Boom,1925,Manegelaan,Hoofddorp,"107665,717","480101,009",4.69316776959125,52.3068337828324
845279,Tilia platyphyllos,Monumentale Boom,1945,Fortweg,Hoofddorp,"107395,712","479937,156",4.68923221768881,52.3053379733658
839870,Tilia platyphyllos,Monumentale Boom,1945,Kruislaan,Hoofddorp,"107416,493","479925,013",4.68953859572404,52.3052306385778
850475,Tilia platyphyllos,Monumentale Boom,1945,Kruislaan,Hoofddorp,"107498,117","479851,839",4.69074556134414,52.3045800632113
888510,Salix alba,Monumentale Boom,1930,Wandelbos Hoofddorp,Hoofddorp,"108127,326","479066,584",4.70007910578176,52.2975768091352
921013,Tilia vulgaris 'Pallida',Waardevolle Boom,1960,Raadhuisplein,Hoofddorp,"107868,357","479563,228",4.69621377921112,52.3020180917989
1013467,Crataegus monogyna,Waardevolle Boom,1985,Marialaan,Zwanenburg,"111050,239","488089,811",4.74174846163045,52.3789096430363
885421,Tilia platyphyllos,Monumentale Boom,1935,Hoofdweg,Hoofddorp,"107694,992","480009,908",4.69360974124803,52.3060175667458
882699,Platanus x hispanica,Waardevolle Boom,1969,Parklaan,Hoofddorp,"107798,344","479981,04",4.69512902809748,52.3057669933639
799086,Aesculus hippocastanum,Waardevolle Boom,1950,Irene Vorrinkstraat,Hoofddorp,"106673,415","478930,716",4.67878667056703,52.2962302094083
839873,Tilia platyphyllos,Monumentale Boom,1945,Kruislaan,Hoofddorp,"107406,403","479934,055",4.68938939397897,52.3053110279903
839871,Tilia platyphyllos,Monumentale Boom,1945,Kruislaan,Hoofddorp,"107409,975","479939,986",4.68944092706177,52.3053646385269
799085,Aesculus hippocastanum,Waardevolle Boom,1950,Irene Vorrinkstraat,Hoofddorp,"106680,252","478938,413",4.67888578587788,52.2962999819361
849846,Tilia platyphyllos,Monumentale Boom,1945,Kruislaan,Hoofddorp,"107453,042","479892,26",4.69007904461869,52.3049394409459
849845,Tilia platyphyllos,Monumentale Boom,1945,Kruislaan,Hoofddorp,"107457,152","479898,025",4.69013848895706,52.3049916057543
843954,Tilia platyphyllos,Monumentale Boom,1925,Manegelaan,Hoofddorp,"107565,128","480191,471",4.69168029322915,52.3076381179961
846289,Platanus x hispanica,Monumentale Boom Landel. Lijst,1935,Hoofdweg,Hoofddorp,"107581,842","479943,285",4.69196018694519,52.3054091016216
885423,Tilia platyphyllos,Monumentale Boom,1935,Hoofdweg,Hoofddorp,"107708,552","480024,247",4.69380653965682,52.306147596384
885420,Tilia platyphyllos,Monumentale Boom,1935,Hoofdweg,Hoofddorp,"107688,842","480002,74",4.69352058296512,52.3059526201305
639606,Fagus sylvatica 'Atropunicea',Monumentale Boom,1982,Sparresholmpad,Hoofddorp,"105603,924","480716,457",4.66284917980544,52.3121838478761
847803,Tilia platyphyllos,Monumentale Boom,1945,Fortweg,Hoofddorp,"107415,034","479958,198",4.68951253111638,52.3055287471296
1027013,Salix x sepulcralis 'Chysocoma',Monumentale Boom,1958,Elzenkade,Zwanenburg,"111505,691","487580,909",4.74850266964446,52.374372379757
887705,Quercus frainetto,Monumentale Boom,1935,Hoofdweg,Hoofddorp,"107787,551","480098,047",4.69495443815491,52.3068176147595
1042324,Aesculus hippocastanum,Monumentale Boom,1955,Lindenlaan,Zwanenburg,"111361,769","488221,606",4.74630627445429,52.3801188891393
837708,Tilia x europaea,Monumentale Boom,1945,Kruisweg,Hoofddorp,"107467,965","480133,52",4.69026387964887,52.3071089385899
847800,Tilia platyphyllos,Monumentale Boom,1945,Fortweg,Hoofddorp,"107414,943","479969,268",4.68950963763045,52.3056282256685
1097695,Fagus sylvatica,Monumentale Boom,1880,Burg. Amersfoordtlaan,Badhoevedorp,"114306,337","483779,099",4.79008622731115,52.3404196780776
882697,Platanus x hispanica,Waardevolle Boom,1969,Parklaan,Hoofddorp,"107783,437","479994,764",4.69490855788128,52.3058890544196
882698,Platanus x hispanica,Waardevolle Boom,1969,Parklaan,Hoofddorp,"107791,649","479987,441",4.69502997797093,52.3058239458974
880688,Tilia platyphyllos,Monumentale Boom,1963,Hoofdweg,Hoofddorp,"107764,819","480086,856",4.69462272068901,52.3067150928554
984674,Fraxinus excelsior,Waardevolle Boom,1895,IJweg,Boesingheliede,"110184,19","485813,988",4.72933324489807,52.3583870510747
379022,Tilia cordata,Waardevolle Boom,1956,Eugenie Previnaireweg,Nieuw-Vennep,103031,"475558,304",4.62591526394997,52.2655910647455
774075,Tilia vulgaris,Monumentale Boom,1950,Hoofdweg,Hoofddorp,"106770,721","478903,254",4.68021688794916,52.2959919324838
897508,Platanus x hispanica,Monumentale Boom Landel. Lijst,1910,Hoofdweg,Hoofddorp,"107697,023","480069,528",4.69363116711732,52.3065535502446
457783,Aesculus hippocastanum,Waardevolle Boom,1915,Venneperweg,Nieuw-Vennep,"103842,802","475242,626",4.63785396982685,52.2628299198702
858019,Robinia pseudoacacia,Monumentale Boom,1914,Hoofdweg,Hoofddorp,"107327,872","479497,955",4.68829959684024,52.3013849962023
915000,Ginkgo biloba,Monumentale Boom,1914,Hoofdweg,Hoofddorp,"107301,979","479504,076",4.68791915253005,52.3014377656346
917651,Fagus sylvatica,Monumentale Boom,1935,Hoofdweg,Hoofddorp,"107332,376","479591,578",4.68835241534752,52.302226778872
917654,Fagus sylvatica,Monumentale Boom,1935,Hoofdweg,Hoofddorp,"107331,276","479590,04",4.68833650650369,52.3022128616764
917655,Fagus sylvatica,Monumentale Boom,1935,Hoofdweg,Hoofddorp,"107330,515","479588,929",4.68832550711087,52.3022028112627
917659,Fagus sylvatica,Monumentale Boom,1935,Hoofdweg,Hoofddorp,"107329,754","479587,733",4.68831451971558,52.3021919969501
889047,Platanus x hispanica,Waardevolle Boom,1969,Parklaan,Hoofddorp,"107981,332","479825,575",4.69783345975299,52.3043854659111
956367,Aesculus hippocastanum,Monumentale Boom,1950,Kruisweg,Hoofddorp,"108315,095","479450,107",4.70277850967514,52.3010394883587
954412,Aesculus hippocastanum,Monumentale Boom,1935,Kruisweg,Hoofddorp,"108307,906","479471,916",4.70267010595425,52.3012348829777
887703,Tilia europea,Monumentale Boom,1963,Hoofdweg,Hoofddorp,"107779,804","480103,91",4.69484003688494,52.3068696419605
887706,Tilia europea,Monumentale Boom,1963,Hoofdweg,Hoofddorp,"107771,674","480095,009",4.69472208426845,52.3067889516724
923415,Platanus x hispanica,Monumentale Boom,1950,Kockstraat,Hoofddorp,"108237,671","479601,563",4.70162254680965,52.3023940691007
936578,Platanus x hispanica,Monumentale Boom,1950,Kockstraat,Hoofddorp,"108245,224","479595,415",4.70173412408419,52.3023394574941
916647,Platanus x hispanica,Waardevolle Boom,1969,Parklaan,Hoofddorp,"107887,551","479910,695",4.69644670535803,52.3051424336927
956363,Tilia vulgaris,Monumentale Boom,1950,Kruisweg,Hoofddorp,"108294,843","479455,436",4.70248088936425,52.3010856673814
956362,Tilia vulgaris,Monumentale Boom,1950,Kruisweg,Hoofddorp,"108297,673","479458,648",4.70252192527059,52.3011147729067
954415,Tilia vulgaris,Monumentale Boom,1950,Kruisweg,Hoofddorp,"108300,249","479461,592",4.7025592846436,52.3011414514688
953743,Tilia vulgaris,Monumentale Boom,1950,Kruisweg,Hoofddorp,"108303,903","479465,647",4.7026122858475,52.3011782030236
916648,Platanus x hispanica,Waardevolle Boom,1969,Parklaan,Hoofddorp,"107877,871","479909,106",4.69630501019875,52.30512732567
916642,Platanus x hispanica,Waardevolle Boom,1945,Parklaan,Hoofddorp,"107861,14","479924,249",4.69605760695078,52.3052619855348
889044,Platanus x hispanica,Waardevolle Boom,1969,Parklaan,Hoofddorp,"107990,069","479817,78",4.69796263394625,52.3043161572523
850482,Tilia platyphyllos,Monumentale Boom,1945,Kruislaan,Hoofddorp,"107472,913","479884,065",4.69037152120712,52.3048675062693
885422,Tilia platyphyllos,Monumentale Boom,1935,Hoofdweg,Hoofddorp,"107701,99","480016,585",4.69371139657865,52.3060781722212
984673,Fraxinus excelsior,Waardevolle Boom,1895,IJweg,Boesingheliede,"110194,808","485804,905",4.72949030823287,52.3583062882049
917259,Platanus x hispanica,Waardevolle Boom,1969,Parklaan,Hoofddorp,"107939,227","479863,934",4.69721083246807,52.304726605972
917257,Platanus x hispanica,Waardevolle Boom,1969,Parklaan,Hoofddorp,"107931,175","479871,187",4.69709177402175,52.3047911013294
893738,Platanus x hispanica,Waardevolle Boom,1969,Parklaan,Hoofddorp,"107922,106","479879,382",4.69695767399021,52.3048639754812
917953,Malus,Monumentale Boom,1973,Dr. v. Dorstenstraat,Hoofddorp,"107862,132","480137,256",4.6960424267735,52.307176372037
848522,Tilia platyphyllos,Monumentale Boom,1945,Fortweg,Hoofddorp,"107456,505","480003,923",4.69011409956221,52.3059432583221
847829,Tilia platyphyllos,Monumentale Boom,1945,Fortweg,Hoofddorp,"107487,843","480038,396",4.69056869974186,52.3062557708621
855402,Salix alba 'Tristis',Monumentale Boom,1968,Watergraafsmeerstraat,Hoofddorp,"107373,307","480866,604",4.68877267823051,52.3136890006799
847835,Tilia platyphyllos,Monumentale Boom,1945,Fortweg,Hoofddorp,"107455,675","480014,034",4.69010050780383,52.3060340545521
641801,Tilia x europaea,Monumentale Boom,1920,Sparresholmpad,Hoofddorp,"105571,93","480721,4",4.66237932600464,52.3122254008132
838080,Quercus rubra,Waardevolle Boom,1935,Hoofdweg,Hoofddorp,"107554,76","479891,617",4.69157039689331,52.3049424287577
853954,Tilia platyphyllos,Monumentale Boom,1945,Fortweg,Hoofddorp,"107401,196","479953,354",4.68931033560225,52.3054840189289
379021,Tilia cordata,Waardevolle Boom,1956,Eugenie Previnaireweg,Nieuw-Vennep,"103022,776","475560,893",4.62579440427069,52.2656135574642
845283,Tilia platyphyllos,Monumentale Boom,1945,Kruislaan,Hoofddorp,"107449,69","479904,449",4.69002818614253,52.3050486946438
845285,Tilia platyphyllos,Monumentale Boom,1945,Kruislaan,Hoofddorp,"107441,179","479912,482",4.68990227735085,52.3051201530335
882700,Platanus x hispanica,Waardevolle Boom,1969,Parklaan,Hoofddorp,"107825,07","479967,165",4.69552279644023,52.3056445867235
876913,Platanus x hispanica,Monumentale Boom,1945,Raadhuislaan,Hoofddorp,"107243,497","480266,416",4.68695405823473,52.3082838689452
881460,Fagus sylvatica 'Purpurea',Monumentale Boom,1910,Hoofdweg,Hoofddorp,"107689,119","480071,9",4.6935149534812,52.3065741919743
881204,Aesculus hippocastanum,Monumentale Boom,1945,Stationsweg,Hoofddorp,"107776,479","480167,435",4.69478240672515,52.3074402582621
884795,Quercus frainetto,Monumentale Boom,1945,Hoofdweg,Hoofddorp,"107713,998","480016,35",4.69388748642808,52.3060770946525
1027670,Salix x sepulcralis 'Chysocoma',Monumentale Boom,1958,Elzenkade,Zwanenburg,"111465,447","487616,629",4.74790711560907,52.3746902096018
916649,Platanus x hispanica,Waardevolle Boom,1969,Parklaan,Hoofddorp,"107895,91","479903,167",4.69657030488915,52.3050754937967
916650,Platanus x hispanica,Waardevolle Boom,1969,Parklaan,Hoofddorp,"107886,617","479901,329",4.69643431835611,52.3050581812339
882702,Platanus x hispanica,Waardevolle Boom,1969,Parklaan,Hoofddorp,"107815,156","479966,027",4.6953776063375,52.3056335107142
843951,Tilia x europaea,Waardevolle Boom,1945,Manegelaan,Hoofddorp,"107604,81","480155,656",4.69226712170642,52.307319661991
379018,Tilia cordata,Waardevolle Boom,1956,Eugenie Previnaireweg,Nieuw-Vennep,"103025,332","475564,195",4.62583133669533,52.2656434733568
843581,Tilia platyphyllos,Monumentale Boom,1925,Manegelaan,Hoofddorp,"107635,099","480128,577",4.69271500484928,52.3070789068537
1093644,Platanus x hispanica,Monumentale Boom,1915,Akerdijk,Lijnden,"112403,522","485197,303",4.76198773518128,52.3530211841976
893739,Platanus x hispanica,Waardevolle Boom,1969,Parklaan,Hoofddorp,"107911,325","479878,926",4.69679968014757,52.3048589563126
843577,Tilia platyphyllos,Monumentale Boom,1925,Manegelaan,Hoofddorp,"107632,159","480140,511",4.69267022382043,52.3071859049683
843575,Tilia platyphyllos,Monumentale Boom,1925,Manegelaan,Hoofddorp,"107624,083","480147,945",4.69255077496781,52.3072520202909
881467,Tilia platyphyllos,Monumentale Boom,1925,Manegelaan,Hoofddorp,"107670,167","480106,304",4.69323227080043,52.3068817513757
879779,Tilia platyphyllos,Monumentale Boom,1925,Manegelaan,Hoofddorp,"107650,253","480114,606",4.69293914011711,52.3069546509769
631626,Populus canadensis,Monumentale Boom,1984,Bosschollenpad,Hoofddorp,"105184,61","481430,59",4.65659540012811,52.3185639772344
855821,Tilia x europaea,Monumentale Boom,1963,Hoofdweg,Hoofddorp,"107468,019","479794,951",4.69031230968482,52.3040662138715
772651,Aesculus hippocastanum,Monumentale Boom,1935,Vijfhuizerweg,Vijfhuizen,"106674,193","484862,599",4.67794873895571,52.3495399384523
780177,Aesculus hippocastanum,Monumentale Boom,1935,Vijfhuizerweg,Vijfhuizen,"106687,466","484850,993",4.67814518927703,52.3494368016147
772652,Quercus cerris,Monumentale Boom,1915,Vijfhuizerweg,Vijfhuizen,"106664,162","484871,694",4.67780022561387,52.3496207935559
657102,Populus canadensis,Monumentale Boom,1984,Bosschollenpad,Hoofddorp,"105216,42","481445,76",4.65705966134206,52.318703184736
881884,Aesculus hippocastanum,Waardevolle Boom,1945,Stationsweg,Hoofddorp,"107770,237","480160,598",4.69469184512278,52.3073782789773
811755,Platanus acerifolia,Monumentale Boom,1935,Kromme Spieringweg,Vijfhuizen,"106589,804","485082,418",4.67667872926206,52.3515080151476
896858,Tilia platyphyllos,Monumentale Boom,1925,Manegelaan,Hoofddorp,"107699,892","480079,687",4.69367180781704,52.3066450957624
881461,Tilia platyphyllos,Monumentale Boom,1925,Manegelaan,Hoofddorp,"107687,39","480081,199",4.69348830028355,52.3066576109289
774076,Tilia vulgaris,Monumentale Boom,1950,Hoofdweg,Hoofddorp,"106768,55","478905,29",4.68018477548787,52.2960100339472
407265,Platanus x hispanica,Monumentale Boom,1950,Madeliefstraat,Nieuw-Vennep,"103433,752","475068,77",4.63188919457975,52.2612293962221
845968,Tilia x europaea,Monumentale Boom,1963,Hoofdweg,Hoofddorp,"107454,155","479781,493",4.69011095110606,52.3039440704907
811749,Fagus sylvatica 'Purpurea',Monumentale Boom,1950,Kromme Spieringweg,Vijfhuizen,"106615,131","485111,942",4.67704618296176,52.351775571511
484059,Salix alba 'Tristis',Monumentale Boom,1935,Dokter van Haeringenplnt,Nieuw-Vennep,"103267,047","475290,639",4.62941369792737,52.2632077357544
1100895,Tilia platyphyllos,Waardevolle Boom,1980,Burg. Amersfoordtlaan,Badhoevedorp,"113806,995","483488,52",4.7827950532903,52.3377710793364
823078,Tilia x europaea,Gedenkboom,1990,Vliegersplein,Vijfhuizen,"107206,846","485063,898",4.68573710407743,52.3513955070028
889043,Platanus x hispanica,Waardevolle Boom,1969,Parklaan,Hoofddorp,"107991,897","479806,129",4.69799105463426,52.3042116051333
917882,Platanus x hispanica,Waardevolle Boom,1969,Parklaan,Hoofddorp,"107902,99","479886,437",4.69667643579061,52.3049257457244
460830,Acer pseudoplatanus,Monumentale Boom Landel. Lijst,1915,Venneperweg,Nieuw-Vennep,"103670,487","475412,706",4.63530432196151,52.2643424348085
774080,Tilia vulgaris,Monumentale Boom,1950,Hoofdweg,Hoofddorp,"106750,94","478921,473",4.67992433992168,52.2961539371334
474708,Fagus sylvatica 'Purpurea',Waardevolle Boom,1950,Eugenie Previnaireweg,Nieuw-Vennep,"103058,038","475555,072",4.62631180270355,52.2655645646929
933593,Fagus sylvatica,Monumentale Boom,1960,Wieger Bruinlaan,Hoofddorp,"108187,233",480175,4.70080366626292,52.3075432922415
882695,Platanus x hispanica,Waardevolle Boom,1969,Parklaan,Hoofddorp,"107783,477","480005,447",4.69490765111611,52.305985066344
883334,Platanus x hispanica,Waardevolle Boom,1969,Parklaan,Hoofddorp,"107800,445","479989,481",4.69515865151885,52.3058430328852
882703,Platanus x hispanica,Waardevolle Boom,1969,Parklaan,Hoofddorp,"107807,277","479973,129",4.69526110026445,52.3056966619793
1043034,Betula pendula,Waardevolle Boom,1970,Kerkhoflaan,Zwanenburg,"111333,248","487910,321",4.74592781700922,52.3773191241448
460832,Acer pseudoplatanus,Waardevolle Boom,1915,Venneperweg,Nieuw-Vennep,"103664,483","475408,525",4.63521701751964,52.2643042998483
881470,Tilia platyphyllos,Monumentale Boom,1925,Manegelaan,Hoofddorp,"107677,848","480099,584",4.69334582638128,52.3068220181769
843301,Tilia platyphyllos,Monumentale Boom,1925,Manegelaan,Hoofddorp,"107609,783","480161,04",4.69233927814834,52.3073684758409
843963,Tilia platyphyllos,Waardevolle Boom,1925,Manegelaan,Hoofddorp,"107581,219","480176,528",4.69191831140379,52.307505209728
843952,Tilia platyphyllos,Monumentale Boom,1925,Manegelaan,Hoofddorp,"107557,057","480198,562",4.69156096318082,52.3077011501894
708685,Aesculus hippocastanum,Waardevolle Boom,1935,Vijfhuizerdijk,Vijfhuizen,"106303,913","487310,518",4.67216086378165,52.3715064454182
708684,Pterocarya fraxinifolia,Monumentale Boom,1935,Vijfhuizerdijk,Vijfhuizen,"106304,08","487315,52",4.67216259228855,52.3715514124237
761684,Tilia cordata,Waardevolle Boom,1960,Vijfhuizerdijk,Vijfhuizen,"106488,139","486279,287",4.67501434933872,52.3622551909133
909712,Tilia platyphyllos,Monumentale Boom,1935,IJweg,Hoofddorp,"107554,444","482911,076",4.69114140662035,52.3320782821622
909711,Tilia platyphyllos,Monumentale Boom,1935,IJweg,Hoofddorp,"107550,757","482907,426",4.69108782947997,52.3320451675865
859835,Tilia platyphyllos,Monumentale Boom,1935,IJweg,Hoofddorp,"107546,839","482903,674",4.6910308770679,52.3320111081119
1063509,Platanus acerifolia,Monumentale Boom,1915,Sloterweg,Badhoevedorp,"112423,044","482265,824",4.76264441429579,52.3266773259008
735879,Aesculus hippocastanum,Waardevolle Boom,1915,Hoofdweg,Hoofddorp,"106170,646","478392,594",4.67149490115773,52.2913497864894
735878,Aesculus hippocastanum,Waardevolle Boom,1915,Hoofdweg,Hoofddorp,"106167,557","478395,324",4.67144923666391,52.2913740442749
599659,Aesculus hippocastanum,Monumentale Boom,1895,IJweg,Hoofddorp,"105061,456","480136,886",4.65498064026451,52.3069263655604
889049,Platanus x hispanica,Waardevolle Boom,1969,Parklaan,Hoofddorp,"107972,822","479833,238",4.69770763148995,52.304453607508
1163620,Acer pseudoplatanus,Monumentale Boom,1895,Nieuwemeerdijk,Badhoevedorp,"114833,685","483149,537",4.79789882352986,52.3348004693954
661194,Tilia vulgaris,Monumentale Boom,1895,IJweg,Hoofddorp,"105889,688","481092,662",4.66698464267561,52.3155903359287
1033086,Aesculus hippocastanum,Waardevolle Boom,1935,Hoofdweg,Lijnden,"111039,037","483833,733",4.74213940053314,52.3406594518952
1166784,Fagus sylvatica,Monumentale Boom,1935,Nieuwemeerdijk,Badhoevedorp,"116096,534","481479,588",4.8166184722278,52.3198830538452
792861,Tilia vulgaris,Monumentale Boom,1950,Hoofdweg,Hoofddorp,"106739,392","478926,291",4.6797543887434,52.2961962247931
792859,Tilia vulgaris,Monumentale Boom,1950,Hoofdweg,Hoofddorp,"106742,222","478929,503",4.67979540527548,52.2962253381856
853779,Fraxinus excelsior,Waardevolle Boom,1950,Hoofdweg,Hoofddorp,"106910,26","479189,477",4.6822214906207,52.2985764163366
882694,Platanus x hispanica,Waardevolle Boom,1969,Parklaan,Hoofddorp,"107765,712","480010,655",4.69464646844611,52.3060303484343
909489,Tilia platyphyllos,Monumentale Boom,1950,Leimuiderdijk,Rijsenhout,"107730,196","473114,019",4.6950892829481,52.2440465231252
884098,Aesculus hippocastanum,Monumentale Boom,1935,Leimuiderdijk,Rijsenhout,"107754,068","473108,186",4.69543959935751,52.2439961444035
793248,Fagus sylvatica 'Purpurea',Monumentale Boom,1935,Leimuiderdijk,Burgerveen,"107164,925","472794,988",4.68685833180924,52.2411306507767
654324,Fagus sylvatica 'Purpurea',Monumentale Boom,1950,Leimuiderdijk,Rijsenhout,"104789,242","470925,039",4.65235594886138,52.2241142463795
654327,Fagus sylvatica 'Purpurea',Monumentale Boom,1950,Leimuiderdijk,Rijsenhout,"104784,678","470921,136",4.65228973654103,52.2240787546892
917254,Platanus x hispanica,Waardevolle Boom,1969,Parklaan,Hoofddorp,"107905,012","479895,012",4.6967048844203,52.3050029823909
883336,Platanus x hispanica,Waardevolle Boom,1969,Parklaan,Hoofddorp,"107759,069","480026,732",4.69454682632862,52.3061742635594
917258,Platanus x hispanica,Waardevolle Boom,1969,Parklaan,Hoofddorp,"107927,88","479864,008",4.69704446728235,52.3047263019289
893740,Platanus x hispanica,Waardevolle Boom,1969,Parklaan,Hoofddorp,"107919,769","479871,386",4.69692452619434,52.3047919154585
1100892,Tilia platyphyllos,Gedenkboom,1980,Burg. Amersfoordtlaan,Badhoevedorp,"113826,222","483509,395",4.7830745987666,52.3379601231718
400775,Aesculus hippocastanum,Monumentale Boom Landel. Lijst,1935,Venneperweg,Nieuw-Vennep,"103525,307","475534,573",4.6331593101946,52.2654241298702
400776,Aesculus hippocastanum,Monumentale Boom Landel. Lijst,1935,Venneperweg,Nieuw-Vennep,"103534,224","475529,668",4.63329067349042,52.2653808806442
857891,Tilia platyphyllos,Monumentale Boom,1935,IJweg,Hoofddorp,"107542,679","482899,051",4.69097050174042,52.3319692015223
1052890,Aesculus hippocastanum,Monumentale Boom,1895,Lijsterbeslaan,Zwanenburg,"111657,798","487462,822",4.75075138152861,52.3733231450036
1027765,Fagus sylvatica 'Purpurea',Monumentale Boom,1935,Lindenlaan,Zwanenburg,"111452,174","488311,699",4.74762227245731,52.3809357169475
867050,Fagus sylvatica 'Purpurea',Monumentale Boom,1945,Raadhuislaan,Hoofddorp,"107283,607","480233,342",4.6875468172164,52.3079901054821
882827,Tilia platyphyllos,Monumentale Boom,1935,Hoofdweg,Hoofddorp,"107714,766","480031,171",4.6938966715465,52.3062103573698
460833,Acer pseudoplatanus,Waardevolle Boom,1915,Venneperweg,Nieuw-Vennep,"103662,017","475403,593",4.63518164780763,52.2642597495266
668730,Tilia vulgaris,Monumentale Boom,1895,IJweg,Hoofddorp,"105886,002","481088,082",4.66693125673842,52.3155488456283
447998,Aesculus hippocastanum,Waardevolle Boom,1900,Dorpstraat,Nieuw-Vennep,"103571,827","475683,017",4.63381817102616,52.2667625347849
883345,Platanus x hispanica,Waardevolle Boom,1969,Parklaan,Hoofddorp,"107776,695","480000,762",4.69480887446751,52.3059423809635
844644,Aesculus hippocastanum 'Baumannii',Monumentale Boom,1935,Kruisweg,Hoofddorp,"107570,607","480000,834",4.69178739169818,52.3059253294515
920320,Platanus x hispanica,Monumentale Boom,1935,Hoofdweg,Hoofddorp,"107948,405","480390,815",4.697271993029,52.3094624909164
460831,Fagus sylvatica 'Purpurea',Monumentale Boom Landel. Lijst,1895,Venneperweg,Nieuw-Vennep,"103663,352","475418,804",4.63519889451759,52.2643965715321
934313,Tilia vulgaris,Monumentale Boom,1950,Kruisweg,Hoofddorp,"108275,954","479425,611",4.70220810761002,52.3008160272563
843953,Tilia platyphyllos,Monumentale Boom,1925,Manegelaan,Hoofddorp,"107575,174","480192,059",4.69182750148124,52.3076442670339
1036700,Tilia platyphyllos,Gedenkboom,1997,Raasdorperweg,Lijnden,"112188,6","485189,247",4.75883439576793,52.352932103467
980005,Fagus sylvatica 'Purpurea',Monumentale Boom,1855,Kromme Spieringweg,Vijfhuizen,"108650,633","487135,591",4.70664118759078,52.3701371487271
477739,Salix alba 'Tristis',Monumentale Boom,1935,Dokter van Haeringenplnt,Nieuw-Vennep,"103213,401","475292,745",4.62862763020133,52.2632216303265
963137,Salix alba,Monumentale Boom,1954,Kockpad,Hoofddorp,"108346,953","479661,972",4.70321627279837,52.3029462295686
428984,Fraxinus excelsior 'Pendula',Monumentale Boom,1935,Hoofdweg,Nieuw-Vennep,"103291,181","475196,528",4.62978155903469,52.2623642169874
426942,Tilia x europaea,Monumentale Boom,1950,Hoofdweg,Nieuw-Vennep,"103346,831","475222,776",4.6305926333174,52.262605327772
923835,Acer pseudoplatanus 'Leopoldii',Monumentale Boom,1935,Hoofdweg,Hoofddorp,"108979,684","481528,469",4.71223783862721,52.3197737257683
923834,Tilia platyphyllos,Monumentale Boom,1935,Hoofdweg,Hoofddorp,"108979,769","481520,277",4.71224020153445,52.3197001177824
967860,Fagus sylvatica,Monumentale Boom,1870,Hoofdweg,Lijnden,"110203,911","482878,39",4.73001282086912,52.3320064462114
920319,Aesculus hippocastanum,Waardevolle Boom,1935,Hoofdweg,Hoofddorp,"107943,623","480395,26",4.69720126828626,52.3095020267804
1040323,Salix x sepulcralis 'Chysocoma',Monumentale Boom,1958,Elzenkade,Zwanenburg,"111448,836","487620,784",4.74766266400508,52.3747262352152
636480,Populus canadensis,Monumentale Boom,1984,Bosschollenpad,Hoofddorp,"105180,151","481426,3",4.65653064133574,52.31852502001
1097007,Platanus x hispanica,Monumentale Boom,1950,Badhoevelaan,Badhoevedorp,"114313,955","483831,526",4.79019167725358,52.3408914075055
843957,Tilia platyphyllos,Waardevolle Boom,1925,Manegelaan,Hoofddorp,"107584,972","480183,617",4.69197234126133,52.307569241697
466597,Platanus x hispanica,Monumentale Boom,1960,Zwanenwater,Nieuw-Vennep,"103570,637","475888,218",4.63376955718033,52.2686065728387
884131,Quercus frainetto,Monumentale Boom,1945,Hoofdweg,Hoofddorp,"107725,719","480028,979",4.69405756213821,52.3061915975048
875895,Aesculus hippocastanum,Monumentale Boom,1915,Kromme Spieringweg,Vijfhuizen,"106923,486","485323,6",4.68154145020546,52.3537047452451
867822,Aesculus hippocastanum,Monumentale Boom,1915,Kromme Spieringweg,Vijfhuizen,"106937,681","485331,343",4.68174869113447,52.3537755710983
952192,Fagus sylvatica,Monumentale Boom,1935,Kruisweg,Hoofddorp,"109357,587","478439,758",4.71819738881373,52.2920467041288
1044630,Fagus sylvatica 'Purpurea',Monumentale Boom Landel. Lijst,1895,Rijnlanderweg,Hoofddorp,"109745,911","479282,675",4.72377602912888,52.2996541022285
1012296,Platanus x hispanica,Monumentale Boom,1970,Troelstralaan,Zwanenburg,"111067,372","487760,919",4.74204299956449,52.3759552802655
1104420,Ulmus glabra,Monumentale Boom,1971,Welschapstraat,Badhoevedorp,"114313,59","483072,415",4.7902779104748,52.3340691738753
758951,Aesculus hippocastanum,Monumentale Boom,1935,Vijfhuizerdijk,Vijfhuizen,"106320,755","487405,064",4.6723944773327,52.3723576068094
1048533,Aesculus hippocastanum,Monumentale Boom,1960,Dennenlaan,Zwanenburg,"111409,029","487627,473",4.74707727595226,52.3747831951651
982853,Aesculus hippocastanum,Monumentale Boom,1915,Aalsmeerderweg,Rijsenhout,"108765,282","475181,652",4.70996152323671,52.2627163611493
278676,Fraxinus excelsior,Monumentale Boom,1935,Hoofdweg,Abbenes,"101115,542","472586,332",4.59833117946968,52.2386982355444
278680,Acer pseudoplatanus,Monumentale Boom,1935,Hoofdweg,Abbenes,"101099,992","472619,903",4.59809820524588,52.2389984196237
919505,Taxus baccata,Monumentale Boom,1972,Hoofdweg,Hoofddorp,"107304,236","479541,067",4.68794701755626,52.3017704003352
918147,Ginkgo biloba,Monumentale Boom,1914,Hoofdweg,Hoofddorp,"107321,91","479539,372",4.68820635942422,52.3017566943094
774079,Tilia vulgaris,Monumentale Boom,1950,Hoofdweg,Hoofddorp,"106753,846","478918,644",4.6799673398784,52.2961287621932
461351,Aesculus hippocastanum,Monumentale Boom,1950,Huigsloterdijk,Weteringbrug,"103762,92","470332,261",4.63742620303014,52.2186926378926
461359,Aesculus hippocastanum,Monumentale Boom,1950,Huigsloterdijk,Weteringbrug,"103766,065","470328,545",4.63747278006552,52.2186595278747
487033,Fagus sylvatica 'Purpurea',Monumentale Boom,1915,Venneperweg,Nieuw-Vennep,"103802,892","475215,547",4.63727351220595,52.2625828583677
302289,Fraxinus excelsior,Waardevolle Boom,1935,Huigsloterdijk,Abbenes,"101025,323","470084,143",4.59740862847342,52.2162021332485
978138,Fraxinus excelsior,Monumentale Boom,1935,Drakenstraat,Rijsenhout,"108829,016","474978,021",4.71092279640169,52.2608916312667
839388,Tilia platyphyllos,Monumentale Boom,1925,Manegelaan,Hoofddorp,"107588,848","480170,018",4.69203107845666,52.3074473606051
934315,Tilia vulgaris,Monumentale Boom,1950,Kruisweg,Hoofddorp,"108273,098","479423,109",4.7021665803317,52.3007932946279
890968,Platanus x hispanica,Waardevolle Boom,1969,Parklaan,Hoofddorp,"108004,766","479794,604",4.69818132414215,52.3041091269904
460829,Platanus orientalis,Monumentale Boom Landel. Lijst,1875,Venneperweg,Nieuw-Vennep,"103682,137","475429,123",4.6354724793431,52.2644910561289
262520,Salix alba,Monumentale Boom,1935,Oude Schoolplein,Lisserbroek,"99298,148","475097,866",4.57131405600632,52.2610889389543
1137977,Tilia x europaea 'Euchlora',Monumentale Boom,1934,Hoofdweg,Hoofddorp,"107343,795","479533,713",4.68852797544468,52.3017077351036
918141,Tilia x europaea 'Euchlora',Monumentale Boom,1934,Hoofdweg,Hoofddorp,"107344,523","479531,893",4.68853890671792,52.3016914381704
863377,Betula pendula,Waardevolle Boom,1944,Hoofdweg,Hoofddorp,"107347,043","479513,978",4.6885783757112,52.3015306533219
858661,Robinia pseudoacacia,Waardevolle Boom,1963,Hoofdweg,Hoofddorp,"107334,185","479512,237",4.68839012793926,52.3015138950418
300020,Aesculus hippocastanum,Waardevolle Boom,1915,Hoofdweg,Abbenes,"101382,908","473041,06",4.60217314776337,52.2428109108279
379922,Tilia platyphyllos,Monumentale Boom,1915,IJweg,Nieuw-Vennep,"102954,485","477760,208",4.62445580176869,52.2853723369843
379923,Tilia platyphyllos,Monumentale Boom,1915,IJweg,Nieuw-Vennep,"102951,622","477757,192",4.62441431835069,52.285344965697
365580,Tilia platyphyllos,Monumentale Boom,1915,IJweg,Nieuw-Vennep,"102948,844","477754,149",4.62437407754659,52.2853173561465
620247,Fagus sylvatica 'Purpurea',Monumentale Boom,1915,Rijnlanderweg,Nieuw-Vennep,"105278,236","474232,28",4.65902684737979,52.2538810686579
941936,Fagus sylvatica 'Purpurea',Monumentale Boom,1915,Rijnlanderweg,Hoofddorp,"108188,584","477530,937",4.70118968258724,52.2837810318375
887049,Tilia platyphyllos,Monumentale Boom,1963,Hoofdweg,Hoofddorp,"107758,234","480079,925",4.69452714509263,52.3066522392551
462718,Aesculus hippocastanum,Monumentale Boom,1950,Huigsloterdijk,Weteringbrug,"103738,691","470346,341",4.63706954436582,52.2188169312845
706533,Tilia x europaea,Monumentale Boom Landel. Lijst,1923,Spieringweg,Cruquius,"106324,67","484575,416",4.67286082047288,52.3469282524218
839386,Tilia platyphyllos,Monumentale Boom,1925,Manegelaan,Hoofddorp,"107594,045","480175,912",4.69210644746546,52.307500777251
452497,Aesculus hippocastanum,Monumentale Boom,1950,Huigsloterdijk,Weteringbrug,"103743,337","470350,558",4.63713688567306,52.2188552603093
881472,Fagus sylvatica 'Purpurea',Monumentale Boom,1910,Hoofdweg,Hoofddorp,"107677,823","480059,968",4.69335101619448,52.3064659885804
917256,Platanus x hispanica,Waardevolle Boom,1969,Parklaan,Hoofddorp,"107913,604","479887,209",4.69683193746402,52.3049335906937
795474,Quercus robur,Monumentale Boom,1870,Liniewal,Vijfhuizen,"106611,102","484887,44",4.6770192864403,52.3497576390827
996340,Platanus acerifolia,Monumentale Boom,1935,Aalsmeerderweg,Rozenburg,"110550,059","477153,28",4.73584410507024,52.280582388484
1166783,Aesculus carnea,Waardevolle Boom,1935,Nieuwemeerdijk,Badhoevedorp,"116091,87","481480,392",4.81654998298844,52.3198899507724
1166782,Aesculus hippocastanum,Waardevolle Boom,1935,Nieuwemeerdijk,Badhoevedorp,"116087,287","481481,196",4.81648267297399,52.3198968533317
956365,Tilia vulgaris,Monumentale Boom,1950,Kruisweg,Hoofddorp,"108301,803","479453,295",4.70258320330898,52.3010670132257
1043039,Betula nigra,Monumentale Boom,1960,Kerkhoflaan,Zwanenburg,"111324,004","487899,678",4.74579344914328,52.3772227453867
669417,Tilia vulgaris,Monumentale Boom,1895,IJweg,Hoofddorp,"105893,789","481097,292",4.66704410715237,52.3156323111413
939643,Tilia vulgaris,Monumentale Boom,1950,Kruisweg,Hoofddorp,"108270,368","479430,022",4.7021256017953,52.3008551925113
936579,Platanus x hispanica,Monumentale Boom,1950,Leeghwaterstraat,Hoofddorp,"108216,48","479593,401",4.70131301829419,52.3023189183692
934310,Tilia vulgaris,Monumentale Boom,1950,Kruisweg,Hoofddorp,"108280,237","479439,912",4.7022689101985,52.3009449116241
939641,Tilia vulgaris,Monumentale Boom,1950,Kruisweg,Hoofddorp,"108283,372","479443,353",4.70231439840478,52.3009761049893
939638,Tilia vulgaris,Monumentale Boom,1950,Kruisweg,Hoofddorp,"108286,278","479446,412",4.70235657631618,52.3010038424838
939635,Tilia vulgaris,Monumentale Boom,1950,Kruisweg,Hoofddorp,"108289,108","479449,471",4.70239763321015,52.301031573491
956366,Tilia vulgaris,Monumentale Boom,1950,Kruisweg,Hoofddorp,"108291,937","479452,607",4.70243867958369,52.3010599917691
758950,Aesculus hippocastanum,Waardevolle Boom,1935,Vijfhuizerdijk,Vijfhuizen,"106322,422","487411,9",4.67241796533456,52.3724191884326
657100,Populus canadensis,Monumentale Boom,1984,Bosschollenpad,Hoofddorp,"105245,27","481414,29",4.65748739015676,52.318422971862
899432,Fagus sylvatica,Monumentale Boom Landel. Lijst,1915,Hoofdweg,Hoofddorp,"108103,136","480538,497",4.69952019385581,52.3108029014332
933909,Platanus x hispanica,Monumentale Boom,1950,Leeghwaterstraat,Hoofddorp,"108224,415","479601,826",4.70142817829367,52.3023953078016
462720,Aesculus hippocastanum,Monumentale Boom,1950,Huigsloterdijk,Weteringbrug,"103741,979","470343,554",4.6371180730935,52.2187921850742
960159,Aesculus hippocastanum,Monumentale Boom,1935,Kromme Spieringweg,Vijfhuizen,"108610,928","487125,029",4.70605968220352,52.3700388818909
302646,Aesculus hippocastanum,Monumentale Boom,1935,Hillegommerdijk,Beinsdorp,"101011,701","478313,144",4.59589784735898,52.2901547483635
501020,Aesculus hippocastanum,Monumentale Boom,1935,Hoofdweg,Nieuw-Vennep,"103896,166","475744,109",4.63855988535054,52.2673417136873
772650,Aesculus hippocastanum,Monumentale Boom,1935,Vijfhuizerweg,Vijfhuizen,"106681,388","484856,846",4.67805515326954,52.3494888684507
661969,Fagus sylvatica,Monumentale Boom Landel. Lijst,1895,Bennebroekerweg,Hoofddorp,"106037,882","477375,875",4.66969629288558,52.2822007175648
661970,Fagus sylvatica,Monumentale Boom Landel. Lijst,1895,Bennebroekerweg,Hoofddorp,"106032,7","477370,147",4.66962118839604,52.2821487838675
303613,Tilia vulgaris 'Pallida',Waardevolle Boom,1970,Lisserweg,Lisserbroek,"100466,152","474217,632",4.58856242947258,52.2532949630867
303611,Tilia vulgaris 'Pallida',Monumentale Boom,1915,Lisserweg,Lisserbroek,"100471,806","474223,961",4.58864420504115,52.2533524002288
303609,Tilia vulgaris 'Pallida',Monumentale Boom,1915,Lisserweg,Lisserbroek,"100477,386","474230,074",4.58872493196399,52.2534078888177
303607,Tilia vulgaris 'Pallida',Monumentale Boom,1915,Lisserweg,Lisserbroek,"100483,176","474236,73",4.58880864684636,52.2534682780203
302948,Tilia vulgaris 'Pallida',Monumentale Boom,1915,Lisserweg,Lisserbroek,"100488,298","474242,828",4.58888266984151,52.2535235864607
303612,Tilia vulgaris 'Pallida',Monumentale Boom,1915,Lisserweg,Lisserbroek,"100466,914","474227,706",4.58857196609817,52.2533855731604
303610,Tilia vulgaris 'Pallida',Monumentale Boom,1915,Lisserweg,Lisserbroek,"100472,186","474233,209",4.5886482809685,52.2534355493167
303608,Tilia vulgaris 'Pallida',Monumentale Boom,1915,Lisserweg,Lisserbroek,"100478,36","474240,068",4.58873758625367,52.2534978008591
303606,Tilia vulgaris 'Pallida',Monumentale Boom,1915,Lisserweg,Lisserbroek,"100483,439","474246,506",4.58881093155796,52.2535561637605
300916,Tilia vulgaris 'Pallida',Monumentale Boom,1970,Lisserweg,Lisserbroek,"100530,209","474298,504",4.58948744405418,52.2540280828115
884955,Platanus x hispanica,Waardevolle Boom,1969,Parklaan,Hoofddorp,"107844,772","479939,375",4.69581552649063,52.3053965231574
226441,Carpinus betulus,Monumentale Boom,1935,Drakenstraat,Rijsenhout,"108841,538","475013,167",4.71110141099182,52.2612085421313
226442,Carpinus betulus,Monumentale Boom,1935,Drakenstraat,Rijsenhout,"108840,637","474985,215",4.71109201533543,52.2609572569558
226443,Carpinus betulus,Monumentale Boom,1935,Drakenstraat,Rijsenhout,"108853,861","475000,544",4.71128361869786,52.2610961232692
226916,Carpinus betulus,Monumentale Boom,1935,Drakenstraat,Rijsenhout,"108849,353","475005,954",4.71121684953731,52.2611443674568
743363,Tilia platyphyllos,Monumentale Boom,1935,Weteringweg,Leimuiderbrug,"105828,04","471618,859",4.66745727733225,52.2304431647371
743365,Tilia platyphyllos,Monumentale Boom,1935,Weteringweg,Leimuiderbrug,"105823,674","471614,89",4.6673939511418,52.230407105984
743366,Tilia platyphyllos,Monumentale Boom,1935,Weteringweg,Leimuiderbrug,"105820,367","471618,065",4.66734508879681,52.2304353457507
743364,Tilia platyphyllos,Monumentale Boom,1935,Weteringweg,Leimuiderbrug,"105824,997","471622,166",4.66741225981066,52.23047261434
743362,Tilia platyphyllos,Monumentale Boom,1935,Weteringweg,Leimuiderbrug,"105829,231","471626,002",4.66747367340892,52.2305074660392
739993,Tilia platyphyllos,Monumentale Boom,1935,Weteringweg,Leimuiderbrug,"105832,273","471629,971",4.66751762141326,52.2305434068843
1109264,Tilia platyphyllos,Monumentale Boom,1935,Aalsmeerderdijk,Oude Meer,"114175,843","478159,832",4.7888510208682,52.2899088286306
1109683,Tilia platyphyllos,Monumentale Boom,1935,Aalsmeerderdijk,Oude Meer,"114169,835","478149,872",4.78876417040848,52.2898188711183
1134228,Platanus x hispanica,Monumentale Boom,1935,Aalsmeerderdijk,Aalsmeerderbrug,"112745,325","476913,368",4.76804111318382,52.278598830971
249021,Fraxinus excelsior,Waardevolle Boom,1935,Lisserweg,Lisserbroek,"99409,936","475125,747",4.57294672262016,52.2613507756606
462719,Aesculus hippocastanum,Monumentale Boom,1950,Huigsloterdijk,Weteringbrug,"103749,626","470344,34",4.63722985695435,52.2187999602581
461354,Aesculus hippocastanum,Monumentale Boom,1950,Huigsloterdijk,Weteringbrug,"103761,419","470324,328",4.63740543876329,52.2186211990392
967859,Fagus sylvatica,Monumentale Boom,1870,Hoofdweg,Lijnden,"110208,126","482882,061",4.73007416046224,52.3320397783852
802435,Tilia vulgaris,Monumentale Boom,1950,Hoofdweg,Hoofddorp,"106717,971","478903,64",4.67944363495583,52.2959907845936
802434,Tilia vulgaris,Monumentale Boom,1950,Hoofdweg,Hoofddorp,"106720,746","478906,1",4.67948395399917,52.2960131291422
295634,Aesculus hippocastanum,Monumentale Boom,1935,Hillegommerdijk,Beinsdorp,"100930,835","478135,588",4.59474109586662,52.2885511428354
226917,Carpinus betulus,Monumentale Boom,1935,Drakenstraat,Rijsenhout,"108844,544","474981,909",4.71114969335139,52.2609278708201
226918,Carpinus betulus,Monumentale Boom,1935,Drakenstraat,Rijsenhout,"108849,353","474996,937",4.71121807856891,52.2610633320567
226919,Carpinus betulus,Monumentale Boom,1935,Drakenstraat,Rijsenhout,"108853,561","474993,33",4.71128019971437,52.2610312698156
226920,Carpinus betulus,Monumentale Boom,1935,Drakenstraat,Rijsenhout,"108844,844","474991,226",4.71115282533726,52.2610116325433
226921,Carpinus betulus,Monumentale Boom,1935,Drakenstraat,Rijsenhout,"108849,052","474987,319",4.71121498742503,52.2609768691553
443547,Aesculus hippocastanum,Waardevolle Boom,1915,Dorpstraat,Nieuw-Vennep,"103551,367","475633,543",4.63352598100899,52.2663160074845
438100,Aesculus hippocastanum,Monumentale Boom,1915,Sportveldweg,Nieuw-Vennep,"102894,076","476045,735",4.62383461901867,52.2699586961408
567814,Tilia platyphyllos,Monumentale Boom,1915,Cruquiusdijk,Cruquius,"104346,14","483715,959",4.64395606129342,52.3390259091764
522223,Tilia,Monumentale Boom,1935,Cruquiusdijk,Cruquius,"103994,482","483641,217",4.6388078943114,52.3383217472517
261826,Salix alba,Monumentale Boom,1935,Oude Schoolplein,Lisserbroek,"99310,822","475081,246",4.5715024127266,52.2609408553197
792866,Tilia vulgaris,Monumentale Boom,1950,Hoofdweg,Hoofddorp,"106734,269","478920,632",4.67968009327,52.2961449176256
1047648,Aesculus hippocastanum,Monumentale Boom,1895,Aalsmeerderweg,Rijsenhout,"109582,868","476077,278",4.72181647330033,52.2708334012379
1025866,Fraxinus excelsior,Waardevolle Boom,1915,Hoofdweg,Lijnden,"111484,313","484205,921",4.74862474435368,52.3440396972173
850471,Tilia x europaea,Monumentale Boom,1963,Hoofdweg,Hoofddorp,"107528,317","479860,731",4.69118706284368,52.3046625781257
942318,Tilia vulgaris,Monumentale Boom,1950,Kruisweg,Hoofddorp,"108298,973","479449,777",4.70254220968565,52.3010351586072
942448,Tilia vulgaris,Monumentale Boom,1950,Kruisweg,Hoofddorp,"108296,373","479446,336",4.70250456878719,52.3010040106915
939632,Tilia vulgaris,Monumentale Boom,1950,Kruisweg,Hoofddorp,"108293,4","479443,876",4.70246132238172,52.3009816537476
939633,Tilia vulgaris,Monumentale Boom,1950,Kruisweg,Hoofddorp,"108290,566","479440,977",4.70242018361795,52.3009553635815
384527,Tilia platyphyllos,Monumentale Boom,1935,Hoofdweg,Nieuw-Vennep,"103044,486","474773,449",4.62623323119095,52.2585388241755
398352,Aesculus hippocastanum,Monumentale Boom,1915,Hoofdweg,Nieuw-Vennep,"103361,794","475152,878",4.63082245004519,52.261978550787
845961,Tilia x europaea,Monumentale Boom,1963,Hoofdweg,Hoofddorp,"107488,087","479818,281",4.69060323474715,52.3042776117793
942446,Tilia vulgaris,Monumentale Boom,1950,Kruisweg,Hoofddorp,"108305,126","479448,849",4.70263254080402,52.3010273359433
860784,Ginkgo biloba,Waardevolle Boom,1914,Hoofdweg,Hoofddorp,"107297,326","479515,949",4.68784926524382,52.3015440659956
888196,Fagus sylvatica,Monumentale Boom,1895,Aalsmeerderweg,Rijsenhout,"107844,097","474135,064",4.69661477501583,52.2532325639796
1030393,Aesculus hippocastanum,Waardevolle Boom,1935,Hoofdweg,Lijnden,"111015,288","483796,191",4.74179584489478,52.3403201669377
905211,Populus x canescens,Monumentale Boom,1960,Kruisweg,Hoofddorp,"108507,91","479216,843",4.70563717064518,52.2989594289298
792864,Tilia vulgaris,Monumentale Boom,1950,Hoofdweg,Hoofddorp,"106736,869","478923,385",4.67971781238463,52.2961698872841
249022,Fraxinus excelsior,Waardevolle Boom,1935,Lisserweg,Lisserbroek,"99407,22","475135,253",4.57290538345331,52.2614359312513
932039,Platanus x hispanica,Waardevolle Boom,1935,Leimuiderdijk,Rijsenhout,"109053,708","474478,674",4.71428146156358,52.2564226704948
928469,Platanus x hispanica,Waardevolle Boom,1935,Leimuiderdijk,Rijsenhout,"109057,544","474481,319",4.71433728041966,52.2564467609288
563102,Aesculus hippocastanum,Waardevolle Boom,1935,Huigsloterdijk,Weteringbrug,"104380,652","470634,38",4.64641997315099,52.2214647641336
325759,Tilia platyphyllos,Waardevolle Boom,1990,Klinkenbergstraat,Zwaanshoek,"102371,67","480644,844",4.61546596954029,52.3112410298413
466613,Platanus x hispanica,Monumentale Boom,1960,Zwanenwater,Nieuw-Vennep,"103577,932","475881,661",4.63387741523433,52.2685483249253
889048,Platanus x hispanica,Waardevolle Boom,1969,Parklaan,Hoofddorp,"107973,235","479823,1",4.69771509754763,52.3043625321087
915805,Platanus x hispanica,Waardevolle Boom,1969,Parklaan,Hoofddorp,"107949,123","479844,903",4.69735856522478,52.3045564185497
917260,Platanus x hispanica,Waardevolle Boom,1969,Parklaan,Hoofddorp,"107936,102","479856,564",4.69716604454626,52.3046601046108
940939,Fagus sylvatica 'Pendula',Monumentale Boom Landel. Lijst,1915,Hoofdweg,Hoofddorp,"108224,762","480676,927",4.7012843867343,52.312057315287
927013,Fagus sylvatica,Monumentale Boom,1915,Hoofdweg,Hoofddorp,"108222,526","480686,259",4.70125030734305,52.3121409924323
972104,Aesculus hippocastanum,Monumentale Boom,1935,Aalsmeerderdijk,Rijsenhout,"110182,68","475528,604",4.73067615410255,52.2659514289775
990934,Tilia platyphyllos,Monumentale Boom,1950,Aalsmeerderdijk,Rijsenhout,"110105,715","475487,41",4.72955423139735,52.2655749501122
982852,Aesculus hippocastanum,Monumentale Boom,1915,Aalsmeerderweg,Rijsenhout,"108769,262","475185,367",4.71001930524804,52.2627500763355
1126693,Aesculus hippocastanum,Monumentale Boom,2000,Molenweg,Aalsmeerderbrug,"112775,205","477020,195",4.76846558736098,52.2795611954381
1126694,Aesculus hippocastanum,Monumentale Boom,2000,Molenweg,Aalsmeerderbrug,"112784,267","477013,911",4.76859915338576,52.2795054136574
452483,Aesculus hippocastanum,Waardevolle Boom,2000,Huigsloterdijk,Weteringbrug,"103748,411","470337,407",4.63721312510025,52.2187375406341
452482,Aesculus hippocastanum,Waardevolle Boom,2000,Huigsloterdijk,Weteringbrug,"103744,98","470340,123",4.63716251565033,52.2187616312767
672356,Aesculus hippocastanum,Monumentale Boom,1895,IJweg,Hoofddorp,"105480,848","480662,34",4.6610524476468,52.3116864506235
839940,Aesculus hippocastanum,Monumentale Boom,1935,Raadhuislaan,Hoofddorp,"107557,967","479976,126",4.69160554749128,52.3057021911413
839942,Aesculus hippocastanum,Monumentale Boom,1935,Raadhuislaan,Hoofddorp,"107570,135","479975,327",4.6917840486246,52.3056960521175
990931,Tilia platyphyllos,Monumentale Boom,1950,Aalsmeerderdijk,Rijsenhout,"110112,547","475491,815",4.72965372281216,52.2656151011365
949656,Aesculus hippocastanum,Monumentale Boom,1895,Bennebroekerweg,Rijsenhout,"109075,536","474587,748",4.7145863374972,52.2574047543443
926662,Fagus sylvatica 'Purpurea',Monumentale Boom,1895,Aalsmeerderdijk,Rijsenhout,"109154,248","474554,336",4.71574361919429,52.257111015484
286317,Fagus sylvatica,Monumentale Boom,1950,Hoofdweg,Buitenkaag,"98440,936","470617,121",4.55950696728381,52.2207335230852
286320,Fagus sylvatica,Monumentale Boom,1950,Hoofdweg,Buitenkaag,"98440,893","470610,815",4.55950738913905,52.2206768467043
286323,Fagus sylvatica,Monumentale Boom,1950,Hoofdweg,Buitenkaag,"98442,002","470605,32",4.55952453195263,52.2206275766956
286324,Fagus sylvatica,Monumentale Boom,1950,Hoofdweg,Buitenkaag,"98441,209","470599,51",4.55951389733685,52.2205752810923
286322,Fagus sylvatica,Monumentale Boom,1950,Hoofdweg,Buitenkaag,"98443,466","470593,79",4.55954787663228,52.2205241065265
965066,Aesculus hippocastanum,Monumentale Boom,1870,Hoofdweg,Lijnden,"110315,894","483006,643",4.73163858780344,52.3331681602695
968608,Aesculus hippocastanum,Monumentale Boom,1915,Hoofdweg,Lijnden,"110603,306","483326,685",4.73581284617436,52.3360676310497
917255,Platanus x hispanica,Waardevolle Boom,1969,Parklaan,Hoofddorp,"107894,723","479894,023",4.69655417753926,52.3049932148467
278678,Fraxinus excelsior,Monumentale Boom,1935,Hoofdweg,Abbenes,"101105,924","472594,21",4.59818912806438,52.2387680918181
278679,Fraxinus excelsior,Monumentale Boom,1935,Hoofdweg,Abbenes,"101101,22","472598,431",4.59811959868856,52.2388055704088
278681,Fraxinus excelsior,Monumentale Boom,1935,Hoofdweg,Abbenes,"101096,517","472602,17",4.59805014589167,52.2388387132313
278682,Fraxinus excelsior,Monumentale Boom,1935,Hoofdweg,Abbenes,"101091,933","472607,115",4.59798226679794,52.2388827071259
275226,Fraxinus excelsior,Monumentale Boom,1935,Hoofdweg,Abbenes,"101087,579","472609,65",4.59791812035087,52.2389050631653
521528,Quercus robur,Monumentale Boom,1870,Cruquiusdijk,Cruquius,"104015,929","483633,971",4.63912365167954,52.3382586147556
498954,Fagus sylvatica 'Purpurea',Monumentale Boom,1915,Oude Kruisweg,Cruquius,"103794,05","483389,076",4.6359055166062,52.3360371849204
417578,Aesculus hippocastanum,Monumentale Boom,1915,Spieringweg,Zwaanshoek,"102837,419","480680,143",4.62228962552786,52.311602544717
395109,Aesculus hippocastanum,Waardevolle Boom,1950,Spieringweg,Zwaanshoek,"102710,891","480541,422",4.62045585664664,52.3103438767961
398216,Aesculus hippocastanum,Monumentale Boom,1950,Spieringweg,Zwaanshoek,"102716,466","480536,919",4.62053829489967,52.3103039394304
495008,Aesculus hippocastanum,Monumentale Boom,1895,Bosstraat,Nieuw-Vennep,"103757,488","475472,652",4.6365695773951,52.2648892594277
370140,Aesculus hippocastanum,Monumentale Boom,1895,Spieringweg,Zwaanshoek,"102572,581","480352,288",4.61845726309727,52.3086310097358
293520,Aesculus hippocastanum,Monumentale Boom,1880,Lisserweg,Lisserbroek,"100536,373","474283,213",4.58958016728903,52.2538912712219
381564,Aesculus hippocastanum,Monumentale Boom,1935,Hoofdweg,Nieuw-Vennep,"102919,652","474656,554",4.62442297705373,52.2574765165527
378336,Aesculus hippocastanum,Monumentale Boom,1935,Hoofdweg,Nieuw-Vennep,"102925,765","474663,552",4.62451142400118,52.2575399870973
518332,Aesculus hippocastanum,Monumentale Boom,1935,Hoofdweg,Nieuw-Vennep,"104006,024","475867,632",4.64015049402859,52.2684619797729
655683,Aesculus hippocastanum,Monumentale Boom,1895,IJweg,Hoofddorp,"105449,192","480690,891",4.66058408502248,52.3119401898037
672358,Aesculus hippocastanum,Monumentale Boom,1895,IJweg,Hoofddorp,"105491,174","480652,893",4.66120524312923,52.3116024826099
462717,Aesculus hippocastanum,Monumentale Boom,1950,Huigsloterdijk,Weteringbrug,"103746,624","470347,771",4.63718541440518,52.2188305140806
461347,Aesculus hippocastanum,Monumentale Boom,1950,Huigsloterdijk,Weteringbrug,"103753,057","470341,624",4.63728046641179,52.2187758695779
988686,Aesculus hippocastanum,Monumentale Boom,1915,Aalsmeerderweg,Rozenburg,"109964,172","476534,892",4.72734153641484,52.2749773117962
563101,Aesculus hippocastanum,Waardevolle Boom,1935,Huigsloterdijk,Weteringbrug,"104383,702","470635,916",4.64646437532295,52.2214788478344
461350,Aesculus hippocastanum,Monumentale Boom,1950,Huigsloterdijk,Weteringbrug,"103751,556","470334,405",4.63725959441629,52.2187108540928
275231,Fraxinus excelsior,Monumentale Boom,1935,Hoofdweg,Abbenes,"101132,941","472569,123",4.59858860775058,52.2385452695844
275232,Fraxinus excelsior,Monumentale Boom,1935,Hoofdweg,Abbenes,"101128,117","472574,912",4.59851706430943,52.2385968277982
278677,Fraxinus excelsior,Monumentale Boom,1935,Hoofdweg,Abbenes,"101110,749","472589,506",4.59826049962162,52.2387262892117
902511,Populus x canescens,Monumentale Boom,1960,Kruisweg,Hoofddorp,"108573,495","479139,713",4.70660916571898,52.298271784381
924644,Quercus robur,Monumentale Boom,1915,Hoofdweg,Hoofddorp,"109102,193","481560,048",4.71403022843123,52.3200677511967
927318,Quercus robur,Monumentale Boom,1915,Hoofdweg,Hoofddorp,"109109,204","481563,355",4.71413260066144,52.3200980554418
1025865,Fagus sylvatica 'Purpurea',Monumentale Boom,1935,Hoofdweg,Lijnden,"111478,684","484208,494",4.74854182064138,52.3440623761678
1030389,Fagus sylvatica 'Purpurea',Waardevolle Boom,1935,Hoofdweg,Lijnden,"111028,942","483830,878",4.7419916581255,52.3406329873179
1030395,Aesculus hippocastanum,Waardevolle Boom,1935,Hoofdweg,Lijnden,"111010,028","483808,224",4.74171710102302,52.340427889007
461353,Aesculus hippocastanum,Monumentale Boom,1950,Huigsloterdijk,Weteringbrug,"103758,275","470328,044",4.63735886171825,52.2186543090309
461352,Aesculus hippocastanum,Monumentale Boom,1950,Huigsloterdijk,Weteringbrug,"103754,642","470331,104",4.63730525050902,52.2186814700049
748286,Aesculus hippocastanum,Monumentale Boom,1935,Weteringweg,Leimuiderbrug,"105842,361","471650,417",4.6676623160733,52.2307280607804
748288,Aesculus hippocastanum,Monumentale Boom,1935,Weteringweg,Leimuiderbrug,"105836,622","471653,722",4.66757782794463,52.2307572498843
748287,Aesculus hippocastanum,Monumentale Boom,1935,Weteringweg,Leimuiderbrug,"105840,448","471661,288",4.66763273726021,52.2308255878626
354968,Tilia platyphyllos,Waardevolle Boom,1999,Ravelplantsoen,Nieuw-Vennep,"102331,508","475907,722",4.6156150100274,52.2686649553297
672352,Aesculus hippocastanum,Waardevolle Boom,1895,IJweg,Hoofddorp,"105470,507","480671,777",4.66089943862385,52.3117703371757
284029,Pyrus,Waardevolle Boom,1915,IJweg,Nieuw-Vennep,"101707,425","476397,667",4.60639591639234,52.273008145047
296618,Fraxinus excelsior,Monumentale Boom,1950,Hoofdweg,Abbenes,"101157,15","472656,19",4.59892917171249,52.2393301109093
802440,Tilia vulgaris,Monumentale Boom,1950,Hoofdweg,Hoofddorp,"106709,101","478893,626",4.6793150504656,52.2959000067098
881886,Aesculus carnea,Waardevolle Boom,1945,Stationsweg,Hoofddorp,"107768,937","480170,59",4.69467138793487,52.3074679659753
250085,Aesculus hippocastanum,Monumentale Boom,1935,Oude Schoolplein,Lisserbroek,"99358,873","475070,262",4.57220797116929,52.2608469897226
252787,Tilia platyphyllos,Monumentale Boom,1935,Lisserdijk,Lisserbroek,"99001,424","473420,712",4.56724548091981,52.245986432926
1088196,Fagus sylvatica,Monumentale Boom,1915,Aalsmeerderdijk,Aalsmeerderbrug,"112636,894","476834,391",4.76646224437463,52.2778807300515
1088199,Fagus sylvatica,Monumentale Boom,1915,Aalsmeerderdijk,Aalsmeerderbrug,"112631,999","476830,555",4.76639100315494,52.27784587911
1037607,Aesculus hippocastanum,Monumentale Boom,1915,Aalsmeerderdijk,Aalsmeerderbrug,"112187,697","476600,566",4.7599101950303,52.2757446109218
954806,Fagus sylvatica 'Purpurea',Monumentale Boom,1895,Kleine Poellaan,Rijsenhout,"108706,128","474180,366",4.70923198091466,52.2537126824235
954805,Fagus sylvatica 'Purpurea',Monumentale Boom,1895,Kleine Poellaan,Rijsenhout,"108711,043","474187,388",4.70930299855027,52.2537761993702
843244,Tilia x europaea,Monumentale Boom,1963,Hoofdweg,Hoofddorp,"107515,807","479847,163",4.6910055710964,52.3045395656692
843913,Tilia x europaea,Monumentale Boom,1963,Hoofdweg,Hoofddorp,"107500,536","479833,394",4.69078362196133,52.3044145062441
1037608,Fagus sylvatica 'Purpurea',Monumentale Boom,1915,Aalsmeerderdijk,Aalsmeerderbrug,"112179,231","476596,002",4.75978673471243,52.2757029361154
1037603,Fagus sylvatica 'Purpurea',Monumentale Boom,1915,Aalsmeerderdijk,Aalsmeerderbrug,"112175,659","476594,546",4.75973458458552,52.2756895734139
1037604,Fagus sylvatica 'Purpurea',Monumentale Boom,1915,Aalsmeerderdijk,Aalsmeerderbrug,"112171,955","476593,025",4.75968050874857,52.2756756162714
1024273,Fagus sylvatica 'Purpurea',Monumentale Boom,1915,Aalsmeerderdijk,Aalsmeerderbrug,"111636,383","476421,576",4.75185567471697,52.2740929200482
1015740,Fagus sylvatica,Monumentale Boom,1950,Aalsmeerderdijk,Aalsmeerderbrug,"111195,907","476214,869",4.7454291349834,52.2722004035399
500053,Tilia vulgaris,Monumentale Boom,1935,Hoofdweg,Nieuw-Vennep,"103942,884","475778,373",4.63923904642265,52.2676539671962
500051,Tilia vulgaris,Monumentale Boom,1935,Hoofdweg,Nieuw-Vennep,"103948,043","475774,14",4.63931525569872,52.2676164024889
563100,Aesculus hippocastanum,Waardevolle Boom,1935,Huigsloterdijk,Weteringbrug,"104386,686","470637,273",4.64650783843158,52.2214913167735
461360,Aesculus hippocastanum,Monumentale Boom,1950,Huigsloterdijk,Weteringbrug,"103764,278","470320,754",4.6374478109139,52.2185893471922
303598,Tilia vulgaris 'Pallida',Monumentale Boom,1915,Lisserweg,Lisserbroek,"100493,758","474248,902",4.58896164641497,52.2535787125442
300915,Tilia vulgaris 'Pallida',Monumentale Boom,1915,Lisserweg,Lisserbroek,"100499,477","474255,123",4.58904439222754,52.2536351852335
300913,Tilia vulgaris 'Pallida',Monumentale Boom,1915,Lisserweg,Lisserbroek,"100505,834","474261,214",4.5891365017964,52.2536905525459
300910,Tilia vulgaris 'Pallida',Monumentale Boom,1915,Lisserweg,Lisserbroek,"100512,089","474268,755",4.58922688470868,52.2537589408323
300909,Tilia vulgaris 'Pallida',Monumentale Boom,1915,Lisserweg,Lisserbroek,"100517,898","474275,27",4.589310901836,52.2538180643895
300902,Tilia vulgaris 'Pallida',Monumentale Boom,1915,Lisserweg,Lisserbroek,"100523,536","474281,403",4.58939247654762,52.2538737379851
293519,Tilia vulgaris 'Pallida',Monumentale Boom,1915,Lisserweg,Lisserbroek,"100529,362","474288,023",4.58947672616932,52.2539338067342
300917,Tilia vulgaris 'Pallida',Monumentale Boom,1915,Lisserweg,Lisserbroek,"100533,545","474292,71",4.58953722717961,52.2539763414738
988692,Fagus sylvatica 'Purpurea',Monumentale Boom,1895,Aalsmeerderweg,Rozenburg,"109980,836","476526,873",4.72758673546884,52.2749065989718
739992,Tilia platyphyllos,Monumentale Boom,1935,Weteringweg,Leimuiderbrug,"105835,184","471626,135",4.66756078364365,52.230509191285
739994,Tilia platyphyllos,Monumentale Boom,1935,Weteringweg,Leimuiderbrug,"105831,744","471622,827",4.66751091605126,52.2304791555445
944681,Aesculus hippocastanum,Monumentale Boom,1935,Leimuiderdijk,Rijsenhout,"109009,39","474450,231",4.71363629266003,52.256163356781
1006431,Tilia vulgaris 'Pallida',Monumentale Boom,1935,Leimuiderdijk,Rijsenhout,"108819,108","474210,664",4.71088232069074,52.2539944355087
1100883,Cedrus libani 'Glauca',Monumentale Boom Landel. Lijst,1950,Burg. Amersfoordtlaan,Badhoevedorp,"113828,518","483522,565",4.783106677344,52.3380786548561
802433,Tilia vulgaris,Monumentale Boom,1950,Hoofdweg,Hoofddorp,"106723,409","478908,473",4.67952265544551,52.2960346895079
988691,Fagus sylvatica 'Purpurea',Monumentale Boom,1895,Aalsmeerderweg,Rozenburg,"109987,422","476535,214",4.72768212203962,52.27498210125
1058985,Aesculus hippocastanum,Monumentale Boom,1935,Hoofdweg,Lijnden,"111661,53","484408,376",4.7511991600334,52.3458731466067
398225,Aesculus hippocastanum,Monumentale Boom,1950,Spieringweg,Zwaanshoek,"102722,684","480533,774",4.62062995449443,52.3102762671595
398226,Aesculus hippocastanum,Monumentale Boom,1950,Spieringweg,Zwaanshoek,"102733,338","480521,65",4.62078804258927,52.310168323744
1063941,Aesculus hippocastanum,Monumentale Boom,1915,Sloterweg,Badhoevedorp,"111982,943","481763,167",4.75625305869612,52.3221257042825
988688,Aesculus hippocastanum,Monumentale Boom,1915,Aalsmeerderweg,Rozenburg,"109998,064","476546,953",4.72783647898015,52.275088473071
275234,Fraxinus excelsior,Monumentale Boom,1950,Hoofdweg,Abbenes,"101149,468","472661,486",4.59881586704152,52.2393769534238
680678,Aesculus hippocastanum,Monumentale Boom,1895,IJweg,Hoofddorp,"105465,084","480676,232",4.66081926135693,52.311809879275
680679,Aesculus hippocastanum,Monumentale Boom,1895,IJweg,Hoofddorp,"105459,992","480681,023",4.66074389312527,52.3118524849501
357062,Acer pseudoplatanus,Waardevolle Boom,1915,IJweg,Nieuw-Vennep,"102276,438","477019,807",4.61463504472951,52.2786539774123
295276,Salix x sepulcralis 'Chysocoma',Monumentale Boom,1915,IJweg,Nieuw-Vennep,"101307,766","475949,162",4.60061206820071,52.2689386966245
278675,Fraxinus excelsior,Monumentale Boom,1935,Hoofdweg,Abbenes,"101120,778","472581,096",4.59840865709797,52.2386516921606
1033549,Tilia platyphyllos,Monumentale Boom,1935,Schipholweg,Lijnden,"112229,492","483980,198",4.75958798228001,52.342069515824
1033548,Tilia platyphyllos,Monumentale Boom,1935,Schipholweg,Lijnden,"112232,937","483977,014",4.75963893201642,52.3420411718604
1033545,Tilia platyphyllos,Monumentale Boom,1935,Schipholweg,Lijnden,"112240,87","483970,219",4.75975620320068,52.3419807241052
1033546,Tilia platyphyllos,Monumentale Boom,1935,Schipholweg,Lijnden,"112244,122","483967,002",4.75980432126369,52.3419520600524
1033547,Tilia platyphyllos,Monumentale Boom,1935,Schipholweg,Lijnden,"112247,472","483963,848",4.75985387433114,52.3419239825735
1090207,Tilia platyphyllos,Monumentale Boom,1935,Schipholweg,Lijnden,"112250,96","483960,712",4.75990546323964,52.3418960683673
905214,Populus x canescens,Monumentale Boom,1960,Kruisweg,Hoofddorp,"108498,83","479208,391",4.70550523166431,52.2988827042767
1033085,Aesculus hippocastanum,Monumentale Boom,1935,Hoofdweg,Lijnden,"111045,053","483831,286",4.7422279899375,52.3406379393962
939637,Tilia vulgaris,Monumentale Boom,1950,Kruisweg,Hoofddorp,"108287,884","479437,847",4.7023813029983,52.3009270032596
296612,Fraxinus excelsior,Monumentale Boom,1950,Hoofdweg,Abbenes,"101165,298","472648,15",4.59904972595122,52.2392586430334
296611,Fraxinus excelsior,Monumentale Boom,1950,Hoofdweg,Abbenes,"101172,16","472640,752",4.59915134444637,52.2391928306186
296610,Fraxinus excelsior,Monumentale Boom,1950,Hoofdweg,Abbenes,"101180,308","472633,248",4.59927181285583,52.2391261799985
672357,Aesculus hippocastanum,Monumentale Boom,1895,IJweg,Hoofddorp,"105485,997","480657,534",4.66112864150479,52.311643724387
1094088,Cedrus libani 'Glauca',Monumentale Boom Landel. Lijst,1950,Burg. Amersfoordtlaan,Badhoevedorp,"113770,511","483470,419",4.78226198124152,52.3376056728923
545846,Aesculus hippocastanum,Waardevolle Boom,1950,Bennebroekerweg,Hoofddorp,"104105,72","479079,989",4.64112752719651,52.2973406415293
843112,Quercus rubra,Monumentale Boom,1935,Hoofdweg,Hoofddorp,"107582,428","479922,521",4.69197168591406,52.3052225416556
915324,Tilia platyphyllos,Monumentale Boom,1950,Julianalaan-Hdorp,Hoofddorp,"107998,397","479558,521",4.69812079477543,52.3019868949229
1047650,Aesculus hippocastanum,Monumentale Boom,1895,Aalsmeerderweg,Rijsenhout,"109575,202","476082,379",4.72170348880419,52.2708786106222
1047649,Aesculus hippocastanum,Monumentale Boom,1895,Aalsmeerderweg,Rijsenhout,"109578,376","476078,543",4.72175050157575,52.2708443972599
911154,Ulmus glabra 'Exoniensis',Monumentale Boom,1914,Hoofdweg,Hoofddorp,"107303,126","479528,58",4.68793250801328,52.3016580831844
956364,Aesculus hippocastanum,Waardevolle Boom,1950,Kruisweg,Hoofddorp,"108305,804","479453,494",4.70264183080283,52.3010691455968
547212,Aesculus hippocastanum,Waardevolle Boom,1950,Bennebroekerweg,Hoofddorp,"104106,902","479083,617",4.64114430677177,52.297373355379
926661,Fagus sylvatica 'Purpurea',Monumentale Boom,1895,Aalsmeerderdijk,Rijsenhout,"109157,894","474556,551",4.71579670256927,52.2571312308998
951282,Platanus x hispanica,Monumentale Boom,1915,Aalsmeerderdijk,Rijsenhout,"109250,716","474611,184",4.71714871568433,52.2576299283706
1005161,Fagus sylvatica 'Purpurea',Monumentale Boom Landel. Lijst,1915,Aalsmeerderdijk,Rijsenhout,"109446,032","474859,293",4.71997579228849,52.2598758856549
461348,Aesculus hippocastanum,Monumentale Boom,1950,Huigsloterdijk,Weteringbrug,"103756,202","470338,622",4.63732693572771,52.2187491830105
461349,Aesculus hippocastanum,Monumentale Boom,1950,Huigsloterdijk,Weteringbrug,"103759,347","470335,263",4.63737345893459,52.2187192847284
839223,Acer platanoides,Waardevolle Boom,1960,Hoofdweg,Hoofddorp,"107354,76","479688,888",4.68866683886914,52.3031032425453
839221,Acer platanoides,Waardevolle Boom,1960,Hoofdweg,Hoofddorp,"107358,171","479693,238",4.68871623119456,52.3031426310044
839220,Acer platanoides,Waardevolle Boom,1960,Hoofdweg,Hoofddorp,"107361,936","479696,966",4.68877090100768,52.3031764601078
839219,Acer platanoides,Waardevolle Boom,1960,Hoofdweg,Hoofddorp,"107365,966","479701,012",4.68882941101489,52.3032131699659
839218,Acer platanoides,Waardevolle Boom,1960,Hoofdweg,Hoofddorp,"107369,049","479705,046",4.68887403961452,52.3032496901075
1030396,Aesculus hippocastanum,Monumentale Boom,1935,Hoofdweg,Lijnden,"110999,157","483813,107",4.7415569580432,52.3404709011516
902516,Aesculus hippocastanum,Monumentale Boom,1915,Rijnlanderweg,Hoofddorp,"108576,142","477875,813",4.70682153765712,52.2869132351993
902517,Aesculus hippocastanum,Monumentale Boom,1915,Rijnlanderweg,Hoofddorp,"108572,258","477871,687",4.7067651864169,52.2868758217328
917653,Fagus sylvatica,Monumentale Boom,1935,Hoofdweg,Hoofddorp,"107336,849","479590,176",4.68841818662431,52.3022145658951
917660,Fagus sylvatica,Monumentale Boom,1935,Hoofdweg,Hoofddorp,"107336,011","479587,391",4.68840629455719,52.3021894645357
917658,Fagus sylvatica,Monumentale Boom,1935,Hoofdweg,Hoofddorp,"107336,434","479588,075",4.68841239917613,52.3021956482482
852639,Fagus sylvatica,Monumentale Boom,1895,Hoofdweg,Hoofddorp,"107363,119","479602,561",4.68880155456799,52.3023281415195
852640,Fagus sylvatica,Monumentale Boom,1895,Hoofdweg,Hoofddorp,"107359,68","479598,857",4.68875166150342,52.302294556293
849847,Fagus sylvatica 'Purpurea',Monumentale Boom Landel. Lijst,1895,Hoofdweg,Hoofddorp,"107540,688","479895,157",4.69136359278217,52.3049730311822
1011138,Tilia platyphyllos,Monumentale Boom,1935,Aalsmeerderdijk,Aalsmeerderbrug,"110817,751","475851,398",4.73993656555742,52.2689036636792
1010445,Tilia platyphyllos,Monumentale Boom,1935,Aalsmeerderdijk,Aalsmeerderbrug,"110821,455","475848,223",4.73999123996924,52.268875426013
1010452,Tilia platyphyllos,Monumentale Boom,1935,Aalsmeerderdijk,Aalsmeerderbrug,"110839,182","475833,01",4.74025290798358,52.2687401233353
1010448,Tilia platyphyllos,Monumentale Boom,1935,Aalsmeerderdijk,Aalsmeerderbrug,"110828,909","475842,184",4.74010122971304,52.2688217495067
802438,Tilia vulgaris,Monumentale Boom,1950,Hoofdweg,Hoofddorp,"106715,115","478900,415",4.67940222548805,52.2959615504561
1024272,Aesculus hippocastanum,Monumentale Boom,1915,Aalsmeerderdijk,Aalsmeerderbrug,"111630,352","476423,89",4.75176701725088,52.2741132452868
1167663,Aesculus hippocastanum,Monumentale Boom,1935,Nieuwemeerdijk,Badhoevedorp,"116066,423","481303,6",4.81619716294564,52.3182992984165
792858,Tilia vulgaris,Monumentale Boom,1950,Hoofdweg,Hoofddorp,"106745,204","478927,362",4.67983942805085,52.2962063554928
799743,Tilia vulgaris,Monumentale Boom,1950,Hoofdweg,Hoofddorp,"106747,957","478924,303",4.67988021895835,52.2961791053637
802439,Tilia vulgaris,Monumentale Boom,1950,Hoofdweg,Hoofddorp,"106712,176","478897,097",4.67935962052334,52.2959314722701
1013870,Fagus sylvatica,Monumentale Boom,1880,Aalsmeerderdijk,Aalsmeerderbrug,"110775,72","475772,198",4.73933120873574,52.2681885079424
965291,Tilia platyphyllos,Monumentale Boom,1915,Aalsmeerderdijk,Aalsmeerderbrug,"110613,625","475706,936",4.73696526722023,52.2675889710484
965290,Tilia platyphyllos,Monumentale Boom,1915,Aalsmeerderdijk,Aalsmeerderbrug,"110622,825","475710,418",4.73709957606487,52.2676210032613
1030388,Fagus sylvatica 'Purpurea',Monumentale Boom,1895,Hoofdweg,Lijnden,"111035,655","483819,288",4.74209166306503,52.3405293627468
1030390,Fagus sylvatica 'Purpurea',Monumentale Boom,1895,Hoofdweg,Lijnden,"111026,614","483808,275",4.74196044467151,52.3404296726889
1030394,Aesculus hippocastanum,Monumentale Boom,1935,Hoofdweg,Lijnden,"111004,638","483811,872",4.74163753433553,52.3404602379362
1093647,Platanus x hispanica,Monumentale Boom,1915,Akerdijk,Lijnden,"112412,619","485191,238",4.76212201622748,52.3529673819815
1167664,Aesculus hippocastanum,Monumentale Boom,1935,Nieuwemeerdijk,Badhoevedorp,"116060,933","481304,394",4.8161165570865,52.3183060400747
249019,Aesculus hippocastanum,Monumentale Boom,1935,Lisserweg,Lisserbroek,"99420,442","475136,968",4.57309876091515,52.2614526789197
509975,Aesculus hippocastanum,Monumentale Boom,1950,Hoofdweg,Nieuw-Vennep,"103836,656","475686,786",4.63769682617336,52.2668210282698
934321,Tilia vulgaris,Monumentale Boom,1950,Kruisweg,Hoofddorp,"108265,63","479424,235",4.70205695352669,52.3008027809146
934318,Tilia vulgaris,Monumentale Boom,1950,Kruisweg,Hoofddorp,"108268,077","479427,064",4.70209243642634,52.3008284177681
296609,Fraxinus excelsior,Monumentale Boom,1950,Hoofdweg,Abbenes,"101188,134","472626,172",4.59938750453844,52.2390633519072
296608,Fraxinus excelsior,Monumentale Boom,1950,Hoofdweg,Abbenes,"101195,532","472618,989",4.59949693519261,52.2389995184177
296607,Fraxinus excelsior,Monumentale Boom,1950,Hoofdweg,Abbenes,"101203,088","472612,229",4.59960862476387,52.2389395059901
296613,Fraxinus excelsior,Monumentale Boom,1935,Hoofdweg,Abbenes,"101151,274","472553,323",4.59885948667485,52.2384050621917
487029,Aesculus hippocastanum,Monumentale Boom,1935,Venneperweg,Nieuw-Vennep,"103796,909","475242,23",4.63718184586412,52.2628221043759
954413,Aesculus hippocastanum,Monumentale Boom,1935,Kruisweg,Hoofddorp,"108304,293","479470,97",4.70261726567954,52.3012260717575
1096372,Aesculus carnea,Monumentale Boom,1955,Burg. Amersfoordtlaan,Badhoevedorp,"114314,99","483820,961",4.79020813850021,52.3407965353711
1010450,Tilia platyphyllos,Monumentale Boom,1935,Aalsmeerderdijk,Aalsmeerderbrug,"110834,27","475837,681",4.74018034310254,52.2687817110851
275235,Salix alba 'Tristis',Monumentale Boom,1935,Hoofdweg,Abbenes,"101139,888","472653,512",4.59867689420466,52.2393043565721
275228,Fraxinus excelsior,Monumentale Boom,1935,Hoofdweg,Abbenes,"101147,294","472557,423",4.59880057106551,52.2384415278304
275229,Fraxinus excelsior,Monumentale Boom,1935,Hoofdweg,Abbenes,"101142,59","472561,283",4.59873110017944,52.2384757549826
275230,Fraxinus excelsior,Monumentale Boom,1935,Hoofdweg,Abbenes,"101137,886","472565,384",4.59866159086157,52.2385121499707
801776,Tilia vulgaris,Monumentale Boom,1950,Hoofdweg,Hoofddorp,"106729,321","478915,319",4.67960832636956,52.2960967353422
792867,Tilia vulgaris,Monumentale Boom,1950,Hoofdweg,Hoofddorp,"106731,636","478918,35",4.67964182427074,52.2961241776229
683430,Tilia vulgaris 'Pallida',Gedenkboom,1990,Skagerrak,Hoofddorp,"106019,714","480370,915",4.66899605417017,52.3091155835996
1042323,Aesculus hippocastanum,Monumentale Boom,1955,Lindenlaan,Zwanenburg,"111362,08","488212,13",4.74631207058841,52.3800337535663
985995,Aesculus hippocastanum,Monumentale Boom,1915,Aalsmeerderweg,Rozenburg,"110001,2","476552,501",4.72788168501874,52.2751385906268
988693,Aesculus hippocastanum,Monumentale Boom,1915,Aalsmeerderweg,Rozenburg,"109970,082","476527,897",4.72742905391015,52.2749149252317
909487,Tilia platyphyllos,Monumentale Boom,1950,Leimuiderdijk,Rijsenhout,"107732,842","473112,167",4.69512828067706,52.244030105433
395108,Aesculus hippocastanum,Monumentale Boom,1950,Spieringweg,Zwaanshoek,"102690,082","480506,609",4.62015613659699,52.3100290442359
495902,Acer pseudoplatanus,Waardevolle Boom,1935,Venneperweg,Nieuw-Vennep,"103928,234","475163,26",4.63911723729692,52.2621245711953
500052,Tilia vulgaris,Monumentale Boom,1935,Hoofdweg,Nieuw-Vennep,"103944,102","475789,982",4.6392551435547,52.2677584098374
498041,Tilia vulgaris,Monumentale Boom,1935,Hoofdweg,Nieuw-Vennep,"103940,575","475788,896",4.63920362965064,52.267748327946
930464,Quercus robur,Waardevolle Boom,1967,Verremeer,Rijsenhout,"109120,989","475086,884",4.71518437633138,52.2618943543684
928639,Salix alba,Monumentale Boom,1968,Gevers van Endegeeststr.,Hoofddorp,"108158,221","479810,427",4.70042885676295,52.3042643933839
413044,Tilia x europaea,Monumentale Boom,1950,Eugenie Previnaireweg,Nieuw-Vennep,"103357,198","475235,414",4.6307425557702,52.2627198745389
1093648,Platanus x hispanica,Monumentale Boom,1915,Akerdijk,Lijnden,"112421,672","485185,462",4.76225561465522,52.3529161734585
672351,Aesculus hippocastanum,Monumentale Boom,1895,IJweg,Hoofddorp,"105475,62","480666,995",4.66097510281576,52.311727817774
950884,Aesculus hippocastanum,Waardevolle Boom,1955,Aalsmeerderdijk,Rijsenhout,"109428,909","474741,292",4.71974088429889,52.2588139755855
902515,Fagus sylvatica,Monumentale Boom,1915,Rijnlanderweg,Hoofddorp,"108555,266","477896,689",4.7065127367839,52.2870990909159
774077,Tilia vulgaris,Monumentale Boom,1950,Hoofdweg,Hoofddorp,"106766,235","478907,096",4.68015058141508,52.2960260673654
902510,Populus x canescens,Monumentale Boom,1960,Kruisweg,Hoofddorp,"108574,549","479146,235",4.70662371988448,52.2983304868283
902512,Populus x canescens,Monumentale Boom,1960,Kruisweg,Hoofddorp,"108563,952","479147,32",4.70646823349414,52.2983393451496
978133,Fraxinus excelsior,Monumentale Boom,1935,Drakenstraat,Rijsenhout,"108786,914","475004,725",4.71030251319477,52.2611281009495
978136,Crataegus monogyna,Monumentale Boom,1935,Drakenstraat,Rijsenhout,"108802,963","474987,123",4.7105399685862,52.2609712558125
978132,Acer platanoides,Monumentale Boom,1935,Drakenstraat,Rijsenhout,"108780,184","475011,196",4.71020305886864,52.2611856949732
978110,Acer campestre,Monumentale Boom,1935,Drakenstraat,Rijsenhout,"108768,795","475015,338",4.71003568077297,52.2612219617814
1003390,Acer campestre,Monumentale Boom,1935,Drakenstraat,Rijsenhout,"108749,381","475028,28",4.70974957298956,52.261336650304
1001180,Carpinus betulus,Monumentale Boom,2005,Drakenstraat,Rijsenhout,"108858,971","474997,237",4.71135890522495,52.2610668375743
303596,Tilia vulgaris 'Pallida',Monumentale Boom,1915,Lisserweg,Lisserbroek,"100461,419","474221,986",4.58849241723225,52.2533336213523
953744,Acer pseudoplatanus,Monumentale Boom,1950,Kruisweg,Hoofddorp,"108321,371","479464,528",4.70286851371558,52.3011696204103
954414,Acer pseudoplatanus,Monumentale Boom,1950,Kruisweg,Hoofddorp,"108322,935","479466,174",4.70289121793544,52.3011845455676
942447,Acer pseudoplatanus,Waardevolle Boom,1950,Kruisweg,Hoofddorp,"108307,53","479447,655",4.70266794081119,52.3010168115589
916128,Tilia platyphyllos,Waardevolle Boom,1950,Graan voor Visch,Hoofddorp,"107322,239","478823,115",4.68831222816288,52.2953196935697
694133,Juglans regia,Monumentale Boom,1895,Hoofdweg,Hoofddorp,"105645,61","477810,77",4.66388479072665,52.2860741699962
1010018,Fagus sylvatica 'Purpurea',Monumentale Boom,1960,Aalsmeerderdijk,Aalsmeerderbrug,"111112,563","476102,157",4.74422275520271,52.2711808150685
1033714,Platanus x hispanica,Monumentale Boom,1935,Aalsmeerderdijk,Aalsmeerderbrug,"110905,725","475876,93",4.74122197185834,52.2691401634335
1010453,Tilia platyphyllos,Monumentale Boom,1935,Aalsmeerderdijk,Aalsmeerderbrug,"110835,759","475828,185",4.74020339858877,52.2686964862883
1010451,Tilia platyphyllos,Monumentale Boom,1935,Aalsmeerderdijk,Aalsmeerderbrug,"110830,229","475833,095",4.74012174448691,52.2687401714207
1010449,Tilia platyphyllos,Monumentale Boom,1935,Aalsmeerderdijk,Aalsmeerderbrug,"110825,215","475837,902",4.74004767507096,52.2687829688702
1010447,Tilia platyphyllos,Monumentale Boom,1935,Aalsmeerderdijk,Aalsmeerderbrug,"110820,004","475842,915",4.73997067617877,52.268827608425
1010446,Tilia platyphyllos,Monumentale Boom,1935,Aalsmeerderdijk,Aalsmeerderbrug,"110814,444","475847,826",4.73988858760992,52.2688712965854
795473,Tilia x europaea,Monumentale Boom,1935,Liniewal,Vijfhuizen,"106620,814","484875,114",4.67716359037839,52.3496477206932
795477,Fagus sylvatica,Monumentale Boom,1935,Liniewal,Vijfhuizen,"106604,3","484855,333",4.67692407140331,52.3494684966096
804218,Tilia vulgaris,Monumentale Boom,1935,Liniewal,Vijfhuizen,"106598,946","484846,35",4.67684679469968,52.3493872944257
917661,Fagus sylvatica,Monumentale Boom,1935,Hoofdweg,Hoofddorp,"107330,346","479586,451",4.68832337921251,52.3021805267767
303595,Tilia vulgaris 'Pallida',Monumentale Boom,1915,Lisserweg,Lisserbroek,"100461,471","474212,495",4.58849470815564,52.2532483304786
303597,Tilia vulgaris 'Pallida',Monumentale Boom,1915,Lisserweg,Lisserbroek,"100457,88","474217,124",4.58844138090321,52.2532895821521
540736,Salix alba,Waardevolle Boom,1915,Oosterdreef,Nieuw-Vennep,"104113,473","474952,708",4.64186199715777,52.2602494401042
917662,Fagus sylvatica,Monumentale Boom,1935,Hoofdweg,Hoofddorp,"107333,813","479586,11",4.68837425295876,52.3021777620547
858162,Aesculus hippocastanum,Monumentale Boom,1935,Hoofdweg,Hoofddorp,"107294,993","479626,377",4.68779946739689,52.3025362822804
934317,Tilia vulgaris,Monumentale Boom,1950,Kruisweg,Hoofddorp,"108270,83","479419,876",4.70213378910985,52.3007640468891
934319,Tilia vulgaris,Monumentale Boom,1950,Kruisweg,Hoofddorp,"108267,695","479417,046",4.70208822275622,52.3007383481489
934322,Tilia vulgaris,Monumentale Boom,1950,Kruisweg,Hoofddorp,"108263,259","479421,405",4.7020225917457,52.3007771505443
611822,Tilia x europaea 'Koningslinde',Gedenkboom,2013,Lisserweg,Weteringbrug,"104481,241","470761,789",4.64787294075609,52.2226190125617
939640,Tilia vulgaris,Monumentale Boom,1950,Kruisweg,Hoofddorp,"108284,749","479434,559",4.70233579363437,52.3008971844812
934308,Tilia vulgaris,Monumentale Boom,1950,Kruisweg,Hoofddorp,"108282,174","479432,393",4.70229834549324,52.3008775013278
934312,Tilia vulgaris,Monumentale Boom,1950,Kruisweg,Hoofddorp,"108278,631","479428,135",4.7022469961143,52.3008389343986
349840,Fagus sylvatica 'Atropunicea',Waardevolle Boom,1915,Hoofdweg,Abbenes,"100734,017","472305,915",4.59279101847765,52.2361407595159
349843,Fagus sylvatica 'Atropunicea',Waardevolle Boom,1915,Hoofdweg,Abbenes,"100727,537","472298,638",4.59269732984578,52.2360747241836
905213,Populus x canescens,Monumentale Boom,1960,Kruisweg,Hoofddorp,"108504,108","479206,877",4.70558280907384,52.2988695431105
905212,Populus x canescens,Monumentale Boom,1960,Kruisweg,Hoofddorp,"108507,001","479199,96",4.70562616860537,52.2988076235976
902507,Populus x canescens,Monumentale Boom,1960,Kruisweg,Hoofddorp,"108583,037","479149,873",4.70674764248132,52.2983638966387
1010017,Fagus sylvatica 'Purpurea',Monumentale Boom,1960,Aalsmeerderdijk,Aalsmeerderbrug,"111100,384","476102,237",4.74404432065653,52.271180564464
1010663,Fagus sylvatica 'Purpurea',Monumentale Boom,1960,Aalsmeerderdijk,Aalsmeerderbrug,"111094,441","476105,456",4.74395684697579,52.2712090198595
1010657,Fagus sylvatica 'Purpurea',Monumentale Boom,1960,Aalsmeerderdijk,Aalsmeerderbrug,"111089,242","476108,675",4.7438802552106,52.2712375343307
1010659,Fagus sylvatica 'Purpurea',Monumentale Boom,1960,Aalsmeerderdijk,Aalsmeerderbrug,"111084,042","476111,398",4.74380372759962,52.2712615982262
1010658,Fagus sylvatica 'Purpurea',Monumentale Boom,1960,Aalsmeerderdijk,Aalsmeerderbrug,"111088,994","476118,331",4.7438753748059,52.2713242996944
1010660,Fagus sylvatica 'Purpurea',Monumentale Boom,1960,Aalsmeerderdijk,Aalsmeerderbrug,"111094,441","476114,617",4.74395565832696,52.2712913544185
1010661,Fagus sylvatica 'Purpurea',Monumentale Boom,1960,Aalsmeerderdijk,Aalsmeerderbrug,"111099,146","476111,398",4.74402499545244,52.2712628004963
1010662,Fagus sylvatica 'Purpurea',Monumentale Boom,1960,Aalsmeerderdijk,Aalsmeerderbrug,"111103,355","476108,427",4.74408704570523,52.2712364323794
1010016,Fagus sylvatica 'Purpurea',Monumentale Boom,1960,Aalsmeerderdijk,Aalsmeerderbrug,"111108,059","476105,208",4.74415638266134,52.2712078783796
1011137,Tilia platyphyllos,Monumentale Boom,1935,Aalsmeerderdijk,Aalsmeerderbrug,"110812,856","475856,028",4.73986425411854,52.2689448822751
1010656,Fagus sylvatica 'Purpurea',Monumentale Boom,1960,Aalsmeerderdijk,Aalsmeerderbrug,"111109,793","476096,542",4.74418289803267,52.271130132235
1010019,Fagus sylvatica 'Purpurea',Monumentale Boom,1960,Aalsmeerderdijk,Aalsmeerderbrug,"111104,345","476099,266",4.74410274344266,52.2711541766326
398217,Aesculus hippocastanum,Monumentale Boom,1950,Spieringweg,Zwaanshoek,"102712,365","480539,163",4.62047781807967,52.3103237144951
926180,Fagus sylvatica 'Purpurea',Monumentale Boom,1965,Hoofdweg,Hoofddorp,"108167,833","480495,622",4.70047477702601,52.3104230882259
890170,Ulmus laevis,Monumentale Boom,1972,Nieuweweg,Hoofddorp,"108094,587","479930,225",4.69947930702792,52.305335613201
928636,Salix alba,Monumentale Boom,1968,Gevers van Endegeeststr.,Hoofddorp,"108160,199","479808,014",4.70045818988484,52.3042428757566
728754,Tilia x europaea 'Koningslinde',Gedenkboom,2003,Skagerrak,Hoofddorp,"106068,924","480340,801",4.66972194078703,52.3088493250974
947704,Juglans regia,Gedenkboom,2010,Kromme Spieringweg,Zwanenburg,"108879,712","488285,259",4.70984706145409,52.3804883532316
947705,Juglans regia,Gedenkboom,2010,Kromme Spieringweg,Zwanenburg,"108877,203","488290,13",4.7098095456832,52.3805319146663
947706,Juglans regia,Gedenkboom,2010,Kromme Spieringweg,Zwanenburg,"108871,742","488294,705",4.70972871943478,52.3805725756261
947707,Juglans regia,Gedenkboom,2010,Kromme Spieringweg,Zwanenburg,"108862,296","488295,591",4.70958987524203,52.3805797416579
947708,Juglans regia,Gedenkboom,2010,Kromme Spieringweg,Zwanenburg,"108856,687","488288,801",4.70950843959915,52.3805182556832
947709,Juglans regia,Gedenkboom,2010,Kromme Spieringweg,Zwanenburg,"108855,802","488282,602",4.70949628442579,52.3804624716968
947710,Juglans regia,Gedenkboom,2010,Kromme Spieringweg,Zwanenburg,"108859,196","488274,189",4.70954729137549,52.3803871505701
947711,Juglans regia,Gedenkboom,2010,Kromme Spieringweg,Zwanenburg,"108863,772","488269,023",4.70961519320219,52.3803411097479
947712,Juglans regia,Gedenkboom,2010,Kromme Spieringweg,Zwanenburg,"108869,528","488266,072",4.70970013162314,52.3803150642562
771986,Prunus avium,Monumentale Boom,1915,Vijfhuizerweg,Vijfhuizen,"106657,352","484880,129",4.67769906903275,52.3496959981966
887933,Acer campestre,Waardevolle Boom,1945,Stationsweg,Hoofddorp,"107687,236","480226,734",4.69346565221748,52.307965524419
915629,Tilia x europaea 'Euchlora',Monumentale Boom,1934,Hoofdweg,Hoofddorp,"107313,462","479542,146",4.68808211068769,52.3017808978867
855950,Fagus sylvatica 'Atropurpurea',Waardevolle Boom,1925,Kruisweg,Hoofddorp,"107420,331","480285,205",4.68954413132993,52.3084680201835
855948,Ginkgo biloba,Monumentale Boom,1955,Kruisweg,Hoofddorp,"107388,406","480276,165",4.6890773225052,52.3083840224614
855949,Ginkgo biloba,Monumentale Boom,1955,Kruisweg,Hoofddorp,"107392,411","480280,513",4.6891354296151,52.3084234460672
839584,Pinus Pinea,Waardevolle Boom,1925,Kruisweg,Hoofddorp,"107458,779","480308,662",4.69010454262835,52.3086821518796
835885,Ficus carica,Waardevolle Boom,,Kruisweg,Hoofddorp,"107400,239","480227,415",4.68925768497821,52.307946931935
835884,Ficus carica,Waardevolle Boom,,Kruisweg,Hoofddorp,"107392,538","480234,214",4.68914382246329,52.3080073670901
855951,Fagus sylvatica 'Atropurpurea',Waardevolle Boom,1925,Kruisweg,Hoofddorp,"107437,724","480286,234",4.68979899934165,52.308478776908
839585,Pinus Pinea,Waardevolle Boom,,Kruisweg,Hoofddorp,"107491,791","480333,715",4.69058504220117,52.3089101501249
839586,Olea europaea,Waardevolle Boom,,Kruisweg,Hoofddorp,"107480,596","480339,872",4.6904200384103,52.3089645187895
839587,Olea europaea,Waardevolle Boom,,Kruisweg,Hoofddorp,"107504,292","480326,812",4.69076929989468,52.3088491866584
261128,Fagus sylvatica 'Atropunicea',Monumentale Boom,1930,Narcissenstraat,Lisserbroek,"99308,267","475266,231",4.57143456986197,52.2626030404683
312174,Juglans regia,Waardevolle Boom,1930,Narcissenstraat,Lisserbroek,"99300,01","475244,796",4.57131715264052,52.2624095786141
926996,Fagus sylvatica 'Atropurpurea',Monumentale Boom,,Hoofdweg,Hoofddorp,"108245,396","480591,268",4.70159880991835,52.3112892430045
302888,Platanus x hispanica,Monumentale Boom,1930,Hoofdweg,Abbenes,"100777,771","472233,015",4.59344314063272,52.2354899062473
302889,Platanus x hispanica,Monumentale Boom,1930,Hoofdweg,Abbenes,"100777,531","472214,786",4.5934425447955,52.2353260520035
302890,Platanus x hispanica,Monumentale Boom,1930,Hoofdweg,Abbenes,"100772,254","472219,223",4.59336459216439,52.2353654137058
302891,Platanus x hispanica,Monumentale Boom,1930,Hoofdweg,Abbenes,"100765,178","472225,1",4.5932600763287,52.2354175326908
460014,Aesculus hippocastanum,Monumentale Boom,1915,Huigsloterdijk,Weteringbrug,"103755,046","470374,239",4.63730464653462,52.2190691712442
452484,Aesculus hippocastanum,Monumentale Boom,1910,Huigsloterdijk,Weteringbrug,"103703,181","470338,178",4.63655118160055,52.218740273784
1011139,Fagus sylvatica 'Atropunicea',Monumentale Boom,1890,Aalsmeerderdijk,Aalsmeerderbrug,"110775,76","475859,936",4.73932031881976,52.2689770335871
1014914,Tilia x europaea 'Koningslinde',Gedenkboom,2013,Plantsoenlaan,Zwanenburg,"111150,282","488042,57",4.74322378048277,52.378493082438
349170,Populus x canescens 'De Moffart',Gedenkboom,2013,Kalverlaantje,Abbenes,"100570,812","472379,559",4.59039021591053,52.2367865356869
463023,Tilia x europaea 'Koningslinde',Gedenkboom,2013,Venneperweg,Nieuw-Vennep,"103722,617","475307,172",4.6360838704685,52.2633988408616
881242,Tilia x europaea 'Koningslinde',Gedenkboom,2013,Burg. vd Willigenlaan,Hoofddorp,"107763,815","479352,331",4.69471070351279,52.3001138011918
1034134,Fagus sylvatica 'Purpurea',Monumentale Boom,1895,Sloterweg,Badhoevedorp,"112247,726","482008,567",4.76010542985427,52.3243517527892
915119,Fraxinus excelsior,Monumentale Boom,,Achterweg,Hoofddorp,"107330,07","479573,162",4.68832120435545,52.3020610740207
837684,Quercus robur,Monumentale Boom,2003,Achterweg,Hoofddorp,"107374,656","479578,226",4.68897410978354,52.3021104417247
899680,Aesculus hippocastanum,Monumentale Boom,1930,Julianalaan-Hdorp,Hoofddorp,"107988,074","479532,945",4.69797302337221,52.3017561649746
241777,Tilia x europaea 'Koningslinde',Gedenkboom,2013,Krabbescheerstraat,Lisserbroek,"99417,227","474897,889",4.57309090462915,52.259303766956
803258,Malus floribunda,Gedenkboom,2013,Schans,Vijfhuizen,"106619,376","484289,969",4.67722646661942,52.3443889447961
336925,Tilia x europaea 'Koningslinde',Gedenkboom,2013,Goudriaanstraat,Zwaanshoek,"102598,165","480632,04",4.61878897370095,52.3111475472732
1030392,Fagus sylvatica 'Purpurea',Waardevolle Boom,1895,Hoofdweg,Lijnden,"111014,025","483813,082",4.74177510730328,52.3404718664292
1108792,Aesculus hippocastanum,Monumentale Boom,1900,Leeuwerikstraat,Badhoevedorp,"113936,279","483673,188",4.78466939149958,52.3394403676982
1033079,Aesculus hippocastanum,Monumentale Boom,1935,Hoofdweg,Lijnden,"110987,255","483815,209",4.74138204380498,52.3404888391171
1008899,Platanus x hispanica,Monumentale Boom,1970,Troelstralaan,Zwanenburg,"111061,641","487778,742",4.74195652157514,52.3761149940418
1008881,Platanus x hispanica,Monumentale Boom,1970,Troelstralaan,Zwanenburg,"111077,906","487770,428",4.74219644994315,52.3760415782297
926649,Fraxinus excelsior,Monumentale Boom,1915,Hoofdweg,Hoofddorp,"109077,847","481530,54",4.71367719318356,52.3198005295051
926648,Fraxinus excelsior,Monumentale Boom,1915,Hoofdweg,Hoofddorp,"109073,897","481525,602",4.7136199353115,52.3197558266148
